arquivo,funcoes,cc_media,cc_max,cc_soma,pior_rank,pior_classe,pior_funcao,pior_linha_ini
piccolo/query/methods/exists.py,4,1.0,1,4,A,Exists,__init__,16
piccolo/query/methods/count.py,5,1.0,1,5,A,Count,__init__,21
piccolo/columns/indexes.py,2,1.0,1,2,A,IndexMethod,__str__,15
piccolo/columns/defaults/interval.py,7,1.0,1,7,A,IntervalCustom,__init__,12
piccolo/columns/defaults/uuid.py,8,1.0,1,8,A,UUID4,postgres,21
piccolo/columns/defaults/time.py,15,1.0,1,15,A,TimeOffset,__init__,12
piccolo/columns/defaults/date.py,15,1.0,1,15,A,DateOffset,__init__,27
piccolo/columns/defaults/timestamp.py,16,1.0,1,16,A,TimestampOffset,__init__,12
piccolo/utils/naming.py,2,1.0,1,2,A,,_camel_to_snake,4
piccolo/utils/uuid.py,1,1.0,1,1,A,,uuid7,1
piccolo/utils/warnings.py,2,1.0,1,2,A,,colored_string,17
piccolo/engine/finder.py,1,1.0,1,1,A,,engine_finder,8
piccolo/apps/meta/commands/version.py,1,1.0,1,1,A,,version,4
piccolo/apps/user/piccolo_migrations/2019-11-14T21-52-21.py,1,1.0,1,1,A,,forwards,6
piccolo/apps/user/piccolo_migrations/2021-04-30T16-14-15.py,1,1.0,1,1,A,,forwards,9
piccolo/apps/user/piccolo_migrations/2020-06-11T21-38-55.py,1,1.0,1,1,A,,forwards,6
piccolo/columns/defaults/timestamptz.py,7,1.14,2,8,A,TimestamptzCustom,from_datetime,62
piccolo/engine/base.py,29,1.17,4,34,A,Engine,check_version,161
piccolo/query/proxy.py,9,1.22,2,11,A,Proxy,__getattr__,46
piccolo/testing/random_builder.py,13,1.23,2,16,A,RandomBuilder,next_datetime,28
piccolo/query/methods/indexes.py,4,1.25,2,5,A,Indexes,response_handler,33
piccolo/query/methods/table_exists.py,4,1.25,2,5,A,TableExists,postgres_querystrings,28
piccolo/columns/readable.py,6,1.33,2,8,A,Readable,_columns_string,26
piccolo/engine/cockroach.py,6,1.33,2,8,A,CockroachAtomic,setup_transaction,40
piccolo/schema.py,29,1.34,3,39,A,CreateSchema,run,45
piccolo/apps/tester/commands/run.py,8,1.38,2,11,A,,run_pytest,42
piccolo/query/operators/json.py,9,1.44,3,13,A,GetElementFromPath,__init__,95
piccolo/columns/defaults/base.py,9,1.44,3,13,A,Default,get_postgres_interval_string,24
piccolo/testing/test_case.py,6,1.5,4,9,A,AsyncTransactionTest,asyncSetUp,112
piccolo/query/methods/objects.py,52,1.58,7,82,B,GetOrCreate,run,64
piccolo/engine/sqlite.py,65,1.66,7,108,B,,serialise,102
piccolo/query/methods/alter.py,39,1.67,6,65,B,Alter,add_foreign_key_constraint,532
piccolo/query/methods/raw.py,3,1.67,3,5,A,Raw,batch,26
piccolo/columns/column_types.py,214,1.75,14,375,C,ForeignKey,__getattribute__,2255
piccolo/utils/lazy_loader.py,4,1.75,4,7,A,LazyLoader,_load,22
piccolo/table_reflection.py,18,1.78,4,32,A,TableStorage,_to_list,232
piccolo/query/methods/delete.py,5,1.8,3,9,A,Delete,_validate,42
piccolo/engine/postgres.py,44,1.91,6,84,B,PostgresTransaction,__aexit__,266
piccolo/apps/migrations/auto/serialisation.py,70,1.94,13,136,C,,deserialise_params,887
piccolo/querystring.py,30,1.97,9,59,B,QueryString,__str__,136
piccolo/query/functions/base.py,1,2.0,2,2,A,Function,__init__,10
piccolo/query/methods/create_index.py,6,2.0,3,12,A,CreateIndex,column_names,29
piccolo/query/methods/drop_index.py,3,2.0,3,6,A,DropIndex,column_names,27
piccolo/utils/sync.py,1,2.0,2,2,A,,run_sync,11
piccolo/apps/migrations/commands/clean.py,4,2.0,4,8,A,CleanMigrationManager,run,42
piccolo/apps/project/commands/new.py,2,2.0,3,4,A,,new_piccolo_conf,20
piccolo/apps/app/commands/show_all.py,1,2.0,2,2,A,,show_all,4
piccolo/apps/user/commands/change_password.py,1,2.0,2,2,A,,change_password,11
piccolo/columns/combination.py,16,2.06,6,33,B,And,get_column_values,62
piccolo/columns/base.py,77,2.14,10,165,B,Column,_validate_default,639
piccolo/query/functions/datetime.py,11,2.27,10,25,B,AtTimeZone,__init__,256
piccolo/apps/migrations/commands/check.py,6,2.33,4,14,A,CheckMigrationManager,get_migration_statuses,21
piccolo/query/base.py,36,2.39,14,86,C,Query,_load_json_columns,63
piccolo/query/methods/select.py,62,2.4,13,149,C,Select,_handle_m2m_sqlite,418
piccolo/query/methods/update.py,6,2.5,6,15,B,Update,_validate,64
piccolo/apps/playground/commands/run.py,11,2.55,13,28,C,,run,379
piccolo/query/functions/array.py,7,2.57,4,18,A,ArrayCat,__init__,25
piccolo/columns/m2m.py,23,2.61,9,60,B,M2MSelect,get_select_string,60
piccolo/apps/user/tables.py,13,2.62,7,34,B,BaseUser,login,196
piccolo/query/mixins.py,56,2.66,9,149,B,OnConflictItem,action_string,666
piccolo/table.py,75,2.69,18,202,C,Table,_table_str,1551
piccolo/apps/user/commands/create.py,8,2.75,8,22,B,,create,59
piccolo/apps/app/commands/new.py,5,2.8,6,14,B,,new_app,60
piccolo/apps/migrations/tables.py,1,3.0,3,3,A,Migration,get_migrations_which_ran,16
piccolo/apps/fixtures/commands/shared.py,1,3.0,3,3,A,,create_pydantic_fixture_model,21
piccolo/apps/schema/commands/generate.py,43,3.09,13,133,C,,get_output_schema,1035
piccolo/apps/migrations/commands/new.py,8,3.12,8,25,B,,new,213
piccolo/query/methods/insert.py,6,3.17,9,19,B,Insert,default_querystrings,107
piccolo/apps/migrations/auto/diffable_table.py,10,3.2,14,32,C,DiffableTable,__sub__,115
piccolo/apps/migrations/auto/migration_manager.py,48,3.33,16,160,C,MigrationManager,_run_add_columns,938
piccolo/conf/apps.py,32,3.34,19,107,C,,table_finder,48
piccolo/query/constraints.py,2,3.5,4,7,A,,get_fk_constraint_name,8
piccolo/utils/list.py,2,3.5,4,7,A,,batch,31
piccolo/utils/encoding.py,2,3.5,4,7,A,,dump_json,15
piccolo/apps/user/commands/list.py,2,3.5,6,7,B,,list_users,28
piccolo/query/methods/refresh.py,7,3.57,6,25,B,Refresh,_update_instance,104
piccolo/apps/asgi/commands/new.py,7,3.57,8,25,B,,_process_file,55
piccolo/apps/migrations/commands/base.py,5,3.6,7,18,B,BaseMigrationManager,get_migration_modules,33
piccolo/apps/migrations/auto/schema_snapshot.py,10,3.7,7,37,B,SchemaSnapshot,_apply_alter_columns,109
piccolo/apps/migrations/commands/forwards.py,7,3.71,7,26,B,ForwardsMigrationManager,run_migrations,65
piccolo/apps/migrations/auto/schema_differ.py,27,3.81,13,103,C,SchemaDiffer,check_rename_tables,137
piccolo/apps/fixtures/commands/dump.py,4,4.25,10,17,B,,parse_args,70
piccolo/columns/reference.py,5,4.4,6,22,B,LazyTableReference,resolve,52
piccolo/apps/shell/commands/run.py,2,4.5,5,9,A,,run,29
piccolo/apps/migrations/commands/backwards.py,5,4.8,14,24,C,BackwardsMigrationManager,run_migrations_backwards,32
piccolo/utils/repr.py,1,5.0,5,5,A,,repr_class_instance,4
piccolo/apps/schema/commands/graph.py,2,5.0,9,10,B,,graph,47
piccolo/query/methods/create.py,2,5.5,10,11,B,Create,default_ddl,47
piccolo/utils/printing.py,3,5.67,13,17,C,,print_dict_table,24
piccolo/utils/pydantic.py,11,5.82,13,64,C,,_build_extra_for_column,199
piccolo/utils/dictionary.py,1,6.0,6,6,B,,make_nested,6
piccolo/apps/fixtures/commands/load.py,2,6.0,9,12,B,,load_json_string,20
piccolo/apps/user/commands/change_permissions.py,1,6.0,6,6,B,,change_permissions,10
piccolo/query/functions/string.py,2,6.5,7,13,B,Concat,__init__,73
piccolo/testing/model_builder.py,4,7.0,13,28,C,ModelBuilder,_build,104
piccolo/query/functions/conditional.py,2,7.0,8,14,B,Coalesce,__init__,13
piccolo/main.py,2,7.5,14,15,C,,main,37
piccolo/query/functions/aggregate.py,1,8.0,8,8,B,Count,__init__,53
piccolo/query/functions/type_conversion.py,1,9.0,9,9,B,Cast,__init__,11
piccolo/utils/objects.py,1,9.0,9,9,B,,make_nested_object,12
piccolo/utils/sql_values.py,1,10.0,10,10,B,,convert_to_sql_value,14
piccolo/apps/sql_shell/commands/run.py,1,11.0,11,11,C,,run,12
piccolo/apps/migrations/auto/serialisation_legacy.py,1,13.0,13,13,C,,deserialise_legacy_params,11
piccolo/query/functions/math.py,0,,,,,,,
piccolo/columns/choices.py,0,,,,,,,
piccolo/columns/operators/comparison.py,0,,,,,,,
piccolo/columns/operators/base.py,0,,,,,,,
piccolo/columns/operators/math.py,0,,,,,,,
piccolo/columns/operators/string.py,0,,,,,,,
piccolo/engine/exceptions.py,0,,,,,,,
piccolo/apps/schema/commands/exceptions.py,0,,,,,,,
piccolo/apps/migrations/auto/operations.py,0,,,,,,,
