arquivo,escopo,nome,h1,h2,N1,N2,vocabulary,length,calculated_length,volume,difficulty,effort,time,bugs
piccolo/table.py,funcao,columns,0,0,0,0,0,0,0,0,0,0,0,0
piccolo/table.py,funcao,default_columns,0,0,0,0,0,0,0,0,0,0,0,0
piccolo/table.py,funcao,non_default_columns,0,0,0,0,0,0,0,0,0,0,0,0
piccolo/table.py,funcao,array_columns,0,0,0,0,0,0,0,0,0,0,0,0
piccolo/table.py,funcao,email_columns,0,0,0,0,0,0,0,0,0,0,0,0
piccolo/table.py,funcao,foreign_key_columns,0,0,0,0,0,0,0,0,0,0,0,0
piccolo/table.py,funcao,primary_key,0,0,0,0,0,0,0,0,0,0,0,0
piccolo/table.py,funcao,json_columns,0,0,0,0,0,0,0,0,0,0,0,0
piccolo/table.py,funcao,secret_columns,0,0,0,0,0,0,0,0,0,0,0,0
piccolo/table.py,funcao,auto_update_columns,0,0,0,0,0,0,0,0,0,0,0,0
piccolo/table.py,funcao,m2m_relationships,0,0,0,0,0,0,0,0,0,0,0,0
piccolo/table.py,funcao,get_formatted_tablename,1,2,1,2,3,3,2.0,4.7549,0.5,2.3774,0.1321,0.0016
piccolo/table.py,funcao,foreign_key_references,0,0,0,0,0,0,0,0,0,0,0,0
piccolo/table.py,funcao,db,0,0,0,0,0,0,0,0,0,0,0,0
piccolo/table.py,funcao,refresh_db,1,2,1,2,3,3,2.0,4.7549,0.5,2.3774,0.1321,0.0016
piccolo/table.py,funcao,get_column_by_name,4,9,5,10,13,15,36.5293,55.5066,2.2222,123.348,6.8527,0.0185
piccolo/table.py,funcao,get_auto_update_values,0,0,0,0,0,0,0,0,0,0,0,0
piccolo/table.py,funcao,__str__,0,0,0,0,0,0,0,0,0,0,0,0
piccolo/table.py,funcao,__repr__,1,1,1,1,2,2,0,2.0,0.5,1.0,0.0556,0.0007
piccolo/table.py,funcao,__init_subclass__,2,3,2,3,5,5,6.7549,11.6096,1.0,11.6096,0.645,0.0039
piccolo/table.py,funcao,_process_tablename,2,4,3,6,6,9,10.0,23.2647,1.5,34.897,1.9387,0.0078
piccolo/table.py,funcao,_classify_columns,1,2,1,2,3,3,2.0,4.7549,0.5,2.3774,0.1321,0.0016
piccolo/table.py,funcao,_setup_foreign_keys,0,0,0,0,0,0,0,0,0,0,0,0
piccolo/table.py,funcao,__init__,4,10,8,15,14,23,41.2193,87.5692,3.0,262.7075,14.5949,0.0292
piccolo/table.py,funcao,_create_serial_primary_key,0,0,0,0,0,0,0,0,0,0,0,0
piccolo/table.py,funcao,from_dict,0,0,0,0,0,0,0,0,0,0,0,0
piccolo/table.py,funcao,save,3,5,4,6,8,10,16.3645,30.0,1.8,54.0,3.0,0.01
piccolo/table.py,funcao,update_self,0,0,0,0,0,0,0,0,0,0,0,0
piccolo/table.py,funcao,remove,2,2,2,3,4,5,4.0,10.0,1.5,15.0,0.8333,0.0033
piccolo/table.py,funcao,refresh,0,0,0,0,0,0,0,0,0,0,0,0
piccolo/table.py,funcao,get_related,1,1,1,1,2,2,0,2.0,0.5,1.0,0.0556,0.0007
piccolo/table.py,funcao,get_m2m,0,0,0,0,0,0,0,0,0,0,0,0
piccolo/table.py,funcao,add_m2m,0,0,0,0,0,0,0,0,0,0,0,0
piccolo/table.py,funcao,remove_m2m,0,0,0,0,0,0,0,0,0,0,0,0
piccolo/table.py,funcao,to_dict,2,4,3,6,6,9,10.0,23.2647,1.5,34.897,1.9387,0.0078
piccolo/table.py,funcao,__setitem__,0,0,0,0,0,0,0,0,0,0,0,0
piccolo/table.py,funcao,__getitem__,0,0,0,0,0,0,0,0,0,0,0,0
piccolo/table.py,funcao,_get_related_readable,0,0,0,0,0,0,0,0,0,0,0,0
piccolo/table.py,funcao,get_readable,0,0,0,0,0,0,0,0,0,0,0,0
piccolo/table.py,funcao,querystring,0,0,0,0,0,0,0,0,0,0,0,0
piccolo/table.py,funcao,__eq__,4,8,5,8,12,13,32.0,46.6045,2.0,93.209,5.1783,0.0155
piccolo/table.py,funcao,all_related,2,4,2,4,6,6,10.0,15.5098,1.0,15.5098,0.8617,0.0052
piccolo/table.py,funcao,all_columns,2,4,2,4,6,6,10.0,15.5098,1.0,15.5098,0.8617,0.0052
piccolo/table.py,funcao,ref,1,1,1,1,2,2,0,2.0,0.5,1.0,0.0556,0.0007
piccolo/table.py,funcao,insert,0,0,0,0,0,0,0,0,0,0,0,0
piccolo/table.py,funcao,raw,0,0,0,0,0,0,0,0,0,0,0,0
piccolo/table.py,funcao,_process_column_args,0,0,0,0,0,0,0,0,0,0,0,0
piccolo/table.py,funcao,select,0,0,0,0,0,0,0,0,0,0,0,0
piccolo/table.py,funcao,delete,0,0,0,0,0,0,0,0,0,0,0,0
piccolo/table.py,funcao,create_table,0,0,0,0,0,0,0,0,0,0,0,0
piccolo/table.py,funcao,alter,0,0,0,0,0,0,0,0,0,0,0,0
piccolo/table.py,funcao,objects,0,0,0,0,0,0,0,0,0,0,0,0
piccolo/table.py,funcao,count,0,0,0,0,0,0,0,0,0,0,0,0
piccolo/table.py,funcao,exists,0,0,0,0,0,0,0,0,0,0,0,0
piccolo/table.py,funcao,table_exists,0,0,0,0,0,0,0,0,0,0,0,0
piccolo/table.py,funcao,update,2,4,2,4,6,6,10.0,15.5098,1.0,15.5098,0.8617,0.0052
piccolo/table.py,funcao,indexes,0,0,0,0,0,0,0,0,0,0,0,0
piccolo/table.py,funcao,create_index,0,0,0,0,0,0,0,0,0,0,0,0
piccolo/table.py,funcao,drop_index,0,0,0,0,0,0,0,0,0,0,0,0
piccolo/table.py,funcao,_get_index_name,1,2,1,2,3,3,2.0,4.7549,0.5,2.3774,0.1321,0.0016
piccolo/table.py,funcao,_table_str,5,12,8,16,17,24,54.6292,98.0991,3.3333,326.997,18.1665,0.0327
piccolo/table.py,funcao,create_table_class,0,0,0,0,0,0,0,0,0,0,0,0
piccolo/table.py,funcao,create_db_tables,0,0,0,0,0,0,0,0,0,0,0,0
piccolo/table.py,funcao,create_db_tables_sync,0,0,0,0,0,0,0,0,0,0,0,0
piccolo/table.py,funcao,create_tables,0,0,0,0,0,0,0,0,0,0,0,0
piccolo/table.py,funcao,drop_db_tables,1,2,1,2,3,3,2.0,4.7549,0.5,2.3774,0.1321,0.0016
piccolo/table.py,funcao,drop_db_tables_sync,0,0,0,0,0,0,0,0,0,0,0,0
piccolo/table.py,funcao,drop_tables,0,0,0,0,0,0,0,0,0,0,0,0
piccolo/table.py,funcao,sort_table_classes,1,2,1,2,3,3,2.0,4.7549,0.5,2.3774,0.1321,0.0016
piccolo/table.py,funcao,_get_graph,4,5,4,8,9,12,19.6096,38.0391,3.2,121.7251,6.7625,0.0127
piccolo/schema.py,funcao,ddl,0,0,0,0,0,0,0,0,0,0,0,0
piccolo/schema.py,funcao,__await__,0,0,0,0,0,0,0,0,0,0,0,0
piccolo/schema.py,funcao,run,0,0,0,0,0,0,0,0,0,0,0,0
piccolo/schema.py,funcao,run_sync,0,0,0,0,0,0,0,0,0,0,0,0
piccolo/schema.py,funcao,__str__,0,0,0,0,0,0,0,0,0,0,0,0
piccolo/schema.py,funcao,__init__,2,3,2,4,5,6,6.7549,13.9316,1.3333,18.5754,1.032,0.0046
piccolo/schema.py,funcao,create_schema,0,0,0,0,0,0,0,0,0,0,0,0
piccolo/schema.py,funcao,drop_schema,0,0,0,0,0,0,0,0,0,0,0,0
piccolo/schema.py,funcao,rename_schema,0,0,0,0,0,0,0,0,0,0,0,0
piccolo/schema.py,funcao,move_table,0,0,0,0,0,0,0,0,0,0,0,0
piccolo/schema.py,funcao,list_tables,0,0,0,0,0,0,0,0,0,0,0,0
piccolo/schema.py,funcao,list_schemas,0,0,0,0,0,0,0,0,0,0,0,0
piccolo/table_reflection.py,funcao,_immutable,1,2,1,2,3,3,2.0,4.7549,0.5,2.3774,0.1321,0.0016
piccolo/table_reflection.py,funcao,__new__,0,0,0,0,0,0,0,0,0,0,0,0
piccolo/table_reflection.py,funcao,copy,0,0,0,0,0,0,0,0,0,0,0,0
piccolo/table_reflection.py,funcao,__reduce__,0,0,0,0,0,0,0,0,0,0,0,0
piccolo/table_reflection.py,funcao,_insert_item,0,0,0,0,0,0,0,0,0,0,0,0
piccolo/table_reflection.py,funcao,_delete_item,0,0,0,0,0,0,0,0,0,0,0,0
piccolo/table_reflection.py,funcao,__repr__,0,0,0,0,0,0,0,0,0,0,0,0
piccolo/table_reflection.py,funcao,__call__,1,2,1,2,3,3,2.0,4.7549,0.5,2.3774,0.1321,0.0016
piccolo/table_reflection.py,funcao,__init__,1,2,1,2,3,3,2.0,4.7549,0.5,2.3774,0.1321,0.0016
piccolo/table_reflection.py,funcao,reflect,1,2,1,2,3,3,2.0,4.7549,0.5,2.3774,0.1321,0.0016
piccolo/table_reflection.py,funcao,clear,0,0,0,0,0,0,0,0,0,0,0,0
piccolo/table_reflection.py,funcao,get_table,1,2,1,2,3,3,2.0,4.7549,0.5,2.3774,0.1321,0.0016
piccolo/table_reflection.py,funcao,_add_table,0,0,0,0,0,0,0,0,0,0,0,0
piccolo/table_reflection.py,funcao,_add_to_schema_tables,1,2,1,2,3,3,2.0,4.7549,0.5,2.3774,0.1321,0.0016
piccolo/table_reflection.py,funcao,_get_table_name,1,2,1,2,3,3,2.0,4.7549,0.5,2.3774,0.1321,0.0016
piccolo/table_reflection.py,funcao,_get_schema_and_table_name,1,4,2,4,5,6,8.0,13.9316,0.5,6.9658,0.387,0.0046
piccolo/table_reflection.py,funcao,_to_list,0,0,0,0,0,0,0,0,0,0,0,0
piccolo/querystring.py,funcao,get_select_string,2,4,2,4,6,6,10.0,15.5098,1.0,15.5098,0.8617,0.0052
piccolo/querystring.py,funcao,as_alias,0,0,0,0,0,0,0,0,0,0,0,0
piccolo/querystring.py,funcao,__init__,0,0,0,0,0,0,0,0,0,0,0,0
piccolo/querystring.py,funcao,process_args,0,0,0,0,0,0,0,0,0,0,0,0
piccolo/querystring.py,funcao,__str__,4,11,7,14,15,21,46.0537,82.0447,2.5455,208.8411,11.6023,0.0273
piccolo/querystring.py,funcao,bundle,2,5,3,6,7,9,13.6096,25.2662,1.2,30.3194,1.6844,0.0084
piccolo/querystring.py,funcao,compile_string,4,8,5,10,12,15,32.0,53.7744,2.5,134.4361,7.4687,0.0179
piccolo/querystring.py,funcao,freeze,0,0,0,0,0,0,0,0,0,0,0,0
piccolo/querystring.py,funcao,get_where_string,0,0,0,0,0,0,0,0,0,0,0,0
piccolo/querystring.py,funcao,__eq__,1,2,1,2,3,3,2.0,4.7549,0.5,2.3774,0.1321,0.0016
piccolo/querystring.py,funcao,__ne__,1,2,1,2,3,3,2.0,4.7549,0.5,2.3774,0.1321,0.0016
piccolo/querystring.py,funcao,eq,0,0,0,0,0,0,0,0,0,0,0,0
piccolo/querystring.py,funcao,ne,0,0,0,0,0,0,0,0,0,0,0,0
piccolo/querystring.py,funcao,__or__,0,0,0,0,0,0,0,0,0,0,0,0
piccolo/querystring.py,funcao,__add__,0,0,0,0,0,0,0,0,0,0,0,0
piccolo/querystring.py,funcao,__sub__,0,0,0,0,0,0,0,0,0,0,0,0
piccolo/querystring.py,funcao,__gt__,0,0,0,0,0,0,0,0,0,0,0,0
piccolo/querystring.py,funcao,__ge__,0,0,0,0,0,0,0,0,0,0,0,0
piccolo/querystring.py,funcao,__lt__,0,0,0,0,0,0,0,0,0,0,0,0
piccolo/querystring.py,funcao,__le__,0,0,0,0,0,0,0,0,0,0,0,0
piccolo/querystring.py,funcao,__truediv__,0,0,0,0,0,0,0,0,0,0,0,0
piccolo/querystring.py,funcao,__mul__,0,0,0,0,0,0,0,0,0,0,0,0
piccolo/querystring.py,funcao,__pow__,0,0,0,0,0,0,0,0,0,0,0,0
piccolo/querystring.py,funcao,__mod__,0,0,0,0,0,0,0,0,0,0,0,0
piccolo/querystring.py,funcao,is_in,0,0,0,0,0,0,0,0,0,0,0,0
piccolo/querystring.py,funcao,not_in,0,0,0,0,0,0,0,0,0,0,0,0
piccolo/querystring.py,funcao,like,0,0,0,0,0,0,0,0,0,0,0,0
piccolo/querystring.py,funcao,ilike,0,0,0,0,0,0,0,0,0,0,0,0
piccolo/main.py,funcao,get_diagnose_flag,1,2,1,2,3,3,2.0,4.7549,0.5,2.3774,0.1321,0.0016
piccolo/main.py,funcao,main,2,3,2,3,5,5,6.7549,11.6096,1.0,11.6096,0.645,0.0039
piccolo/testing/model_builder.py,funcao,build,0,0,0,0,0,0,0,0,0,0,0,0
piccolo/testing/model_builder.py,funcao,build_sync,0,0,0,0,0,0,0,0,0,0,0,0
piccolo/testing/model_builder.py,funcao,_build,4,9,6,11,13,17,36.5293,62.9075,2.4444,153.7738,8.543,0.021
piccolo/testing/model_builder.py,funcao,_randomize_attribute,4,10,6,12,14,18,41.2193,68.5324,2.4,164.4777,9.1377,0.0228
piccolo/testing/test_case.py,funcao,setUp,0,0,0,0,0,0,0,0,0,0,0,0
piccolo/testing/test_case.py,funcao,tearDown,0,0,0,0,0,0,0,0,0,0,0,0
piccolo/testing/test_case.py,funcao,asyncSetUp,2,3,2,4,5,6,6.7549,13.9316,1.3333,18.5754,1.032,0.0046
piccolo/testing/test_case.py,funcao,asyncTearDown,0,0,0,0,0,0,0,0,0,0,0,0
piccolo/testing/random_builder.py,funcao,next_bool,0,0,0,0,0,0,0,0,0,0,0,0
piccolo/testing/random_builder.py,funcao,next_bytes,1,2,1,2,3,3,2.0,4.7549,0.5,2.3774,0.1321,0.0016
piccolo/testing/random_builder.py,funcao,next_date,0,0,0,0,0,0,0,0,0,0,0,0
piccolo/testing/random_builder.py,funcao,next_datetime,0,0,0,0,0,0,0,0,0,0,0,0
piccolo/testing/random_builder.py,funcao,next_enum,0,0,0,0,0,0,0,0,0,0,0,0
piccolo/testing/random_builder.py,funcao,next_float,0,0,0,0,0,0,0,0,0,0,0,0
piccolo/testing/random_builder.py,funcao,next_decimal,4,9,6,11,13,17,36.5293,62.9075,2.4444,153.7738,8.543,0.021
piccolo/testing/random_builder.py,funcao,next_int,0,0,0,0,0,0,0,0,0,0,0,0
piccolo/testing/random_builder.py,funcao,next_str,0,0,0,0,0,0,0,0,0,0,0,0
piccolo/testing/random_builder.py,funcao,next_email,1,2,1,2,3,3,2.0,4.7549,0.5,2.3774,0.1321,0.0016
piccolo/testing/random_builder.py,funcao,next_time,0,0,0,0,0,0,0,0,0,0,0,0
piccolo/testing/random_builder.py,funcao,next_timedelta,0,0,0,0,0,0,0,0,0,0,0,0
piccolo/testing/random_builder.py,funcao,next_uuid,0,0,0,0,0,0,0,0,0,0,0,0
piccolo/query/constraints.py,funcao,get_fk_constraint_name,2,4,2,4,6,6,10.0,15.5098,1.0,15.5098,0.8617,0.0052
piccolo/query/constraints.py,funcao,get_fk_constraint_rules,2,4,2,4,6,6,10.0,15.5098,1.0,15.5098,0.8617,0.0052
piccolo/query/base.py,funcao,__enter__,0,0,0,0,0,0,0,0,0,0,0,0
piccolo/query/base.py,funcao,__exit__,1,2,1,2,3,3,2.0,4.7549,0.5,2.3774,0.1321,0.0016
piccolo/query/base.py,funcao,__init__,0,0,0,0,0,0,0,0,0,0,0,0
piccolo/query/base.py,funcao,engine_type,0,0,0,0,0,0,0,0,0,0,0,0
piccolo/query/base.py,funcao,_process_results,0,0,0,0,0,0,0,0,0,0,0,0
piccolo/query/base.py,funcao,_load_json_columns,4,9,6,11,13,17,36.5293,62.9075,2.4444,153.7738,8.543,0.021
piccolo/query/base.py,funcao,_process_output,1,1,1,1,2,2,0,2.0,0.5,1.0,0.0556,0.0007
piccolo/query/base.py,funcao,_validate,0,0,0,0,0,0,0,0,0,0,0,0
piccolo/query/base.py,funcao,__await__,0,0,0,0,0,0,0,0,0,0,0,0
piccolo/query/base.py,funcao,_run,3,5,3,5,8,8,16.3645,24.0,1.5,36.0,2.0,0.008
piccolo/query/base.py,funcao,run,2,3,2,3,5,5,6.7549,11.6096,1.0,11.6096,0.645,0.0039
piccolo/query/base.py,funcao,run_sync,1,1,1,1,2,2,0,2.0,0.5,1.0,0.0556,0.0007
piccolo/query/base.py,funcao,response_handler,0,0,0,0,0,0,0,0,0,0,0,0
piccolo/query/base.py,funcao,sqlite_querystrings,0,0,0,0,0,0,0,0,0,0,0,0
piccolo/query/base.py,funcao,postgres_querystrings,0,0,0,0,0,0,0,0,0,0,0,0
piccolo/query/base.py,funcao,cockroach_querystrings,0,0,0,0,0,0,0,0,0,0,0,0
piccolo/query/base.py,funcao,default_querystrings,0,0,0,0,0,0,0,0,0,0,0,0
piccolo/query/base.py,funcao,querystrings,2,6,4,8,8,12,17.5098,36.0,1.3333,48.0,2.6667,0.012
piccolo/query/base.py,funcao,freeze,0,0,0,0,0,0,0,0,0,0,0,0
piccolo/query/base.py,funcao,__str__,0,0,0,0,0,0,0,0,0,0,0,0
piccolo/query/base.py,funcao,__getattr__,0,0,0,0,0,0,0,0,0,0,0,0
piccolo/query/base.py,funcao,sqlite_ddl,0,0,0,0,0,0,0,0,0,0,0,0
piccolo/query/base.py,funcao,postgres_ddl,0,0,0,0,0,0,0,0,0,0,0,0
piccolo/query/base.py,funcao,cockroach_ddl,0,0,0,0,0,0,0,0,0,0,0,0
piccolo/query/base.py,funcao,default_ddl,0,0,0,0,0,0,0,0,0,0,0,0
piccolo/query/base.py,funcao,ddl,1,4,3,6,5,9,8.0,20.8974,0.75,15.673,0.8707,0.007
piccolo/query/mixins.py,funcao,querystring,1,6,4,8,7,12,15.5098,33.6883,0.6667,22.4588,1.2477,0.0112
piccolo/query/mixins.py,funcao,validate_on,2,5,4,5,7,9,13.6096,25.2662,1.0,25.2662,1.4037,0.0084
piccolo/query/mixins.py,funcao,__str__,0,0,0,0,0,0,0,0,0,0,0,0
piccolo/query/mixins.py,funcao,copy,0,0,0,0,0,0,0,0,0,0,0,0
piccolo/query/mixins.py,funcao,__post_init__,3,9,7,9,12,16,33.2842,57.3594,1.5,86.0391,4.78,0.0191
piccolo/query/mixins.py,funcao,get_where_columns,1,2,1,2,3,3,2.0,4.7549,0.5,2.3774,0.1321,0.0016
piccolo/query/mixins.py,funcao,_extract_columns,0,0,0,0,0,0,0,0,0,0,0,0
piccolo/query/mixins.py,funcao,where,0,0,0,0,0,0,0,0,0,0,0,0
piccolo/query/mixins.py,funcao,get_order_by_columns,0,0,0,0,0,0,0,0,0,0,0,0
piccolo/query/mixins.py,funcao,order_by,1,2,1,2,3,3,2.0,4.7549,0.5,2.3774,0.1321,0.0016
piccolo/query/mixins.py,funcao,limit,0,0,0,0,0,0,0,0,0,0,0,0
piccolo/query/mixins.py,funcao,as_of,0,0,0,0,0,0,0,0,0,0,0,0
piccolo/query/mixins.py,funcao,distinct,2,3,2,3,5,5,6.7549,11.6096,1.0,11.6096,0.645,0.0039
piccolo/query/mixins.py,funcao,returning,0,0,0,0,0,0,0,0,0,0,0,0
piccolo/query/mixins.py,funcao,count,0,0,0,0,0,0,0,0,0,0,0,0
piccolo/query/mixins.py,funcao,add,2,3,2,3,5,5,6.7549,11.6096,1.0,11.6096,0.645,0.0039
piccolo/query/mixins.py,funcao,output,1,5,4,8,6,12,11.6096,31.0196,0.8,24.8156,1.3786,0.0103
piccolo/query/mixins.py,funcao,callback,0,0,0,0,0,0,0,0,0,0,0,0
piccolo/query/mixins.py,funcao,invoke,0,0,0,0,0,0,0,0,0,0,0,0
piccolo/query/mixins.py,funcao,prefetch,1,2,1,2,3,3,2.0,4.7549,0.5,2.3774,0.1321,0.0016
piccolo/query/mixins.py,funcao,columns,1,2,1,2,3,3,2.0,4.7549,0.5,2.3774,0.1321,0.0016
piccolo/query/mixins.py,funcao,remove_secret_columns,2,4,3,4,6,7,10.0,18.0947,1.0,18.0947,1.0053,0.006
piccolo/query/mixins.py,funcao,values,0,0,0,0,0,0,0,0,0,0,0,0
piccolo/query/mixins.py,funcao,get_sql_values,0,0,0,0,0,0,0,0,0,0,0,0
piccolo/query/mixins.py,funcao,offset,0,0,0,0,0,0,0,0,0,0,0,0
piccolo/query/mixins.py,funcao,group_by,0,0,0,0,0,0,0,0,0,0,0,0
piccolo/query/mixins.py,funcao,target_string,0,0,0,0,0,0,0,0,0,0,0,0
piccolo/query/mixins.py,funcao,action_string,3,7,5,9,10,14,24.4064,46.507,1.9286,89.6921,4.9829,0.0155
piccolo/query/mixins.py,funcao,on_conflict,3,9,5,10,12,15,33.2842,53.7744,1.6667,89.6241,4.9791,0.0179
piccolo/query/mixins.py,funcao,lock_rows,0,0,0,0,0,0,0,0,0,0,0,0
piccolo/query/proxy.py,funcao,run,0,0,0,0,0,0,0,0,0,0,0,0
piccolo/query/proxy.py,funcao,__init__,0,0,0,0,0,0,0,0,0,0,0,0
piccolo/query/proxy.py,funcao,run_sync,0,0,0,0,0,0,0,0,0,0,0,0
piccolo/query/proxy.py,funcao,__await__,0,0,0,0,0,0,0,0,0,0,0,0
piccolo/query/proxy.py,funcao,freeze,0,0,0,0,0,0,0,0,0,0,0,0
piccolo/query/proxy.py,funcao,__getattr__,0,0,0,0,0,0,0,0,0,0,0,0
piccolo/query/proxy.py,funcao,__str__,0,0,0,0,0,0,0,0,0,0,0,0
piccolo/query/functions/datetime.py,funcao,__init__,2,5,3,7,7,10,13.6096,28.0735,1.4,39.303,2.1835,0.0094
piccolo/query/functions/datetime.py,funcao,_get_engine_type,1,2,1,2,3,3,2.0,4.7549,0.5,2.3774,0.1321,0.0016
piccolo/query/functions/datetime.py,funcao,_extract_component,1,2,1,2,3,3,2.0,4.7549,0.5,2.3774,0.1321,0.0016
piccolo/query/functions/datetime.py,funcao,Year,0,0,0,0,0,0,0,0,0,0,0,0
piccolo/query/functions/datetime.py,funcao,Month,0,0,0,0,0,0,0,0,0,0,0,0
piccolo/query/functions/datetime.py,funcao,Day,0,0,0,0,0,0,0,0,0,0,0,0
piccolo/query/functions/datetime.py,funcao,Hour,0,0,0,0,0,0,0,0,0,0,0,0
piccolo/query/functions/datetime.py,funcao,Minute,0,0,0,0,0,0,0,0,0,0,0,0
piccolo/query/functions/datetime.py,funcao,Second,0,0,0,0,0,0,0,0,0,0,0,0
piccolo/query/functions/conditional.py,funcao,__init__,1,3,2,5,4,7,4.7549,14.0,0.8333,11.6667,0.6481,0.0047
piccolo/query/functions/base.py,funcao,__init__,1,2,1,2,3,3,2.0,4.7549,0.5,2.3774,0.1321,0.0016
piccolo/query/functions/string.py,funcao,__init__,1,3,2,5,4,7,4.7549,14.0,0.8333,11.6667,0.6481,0.0047
piccolo/query/functions/aggregate.py,funcao,__init__,2,4,2,4,6,6,10.0,15.5098,1.0,15.5098,0.8617,0.0052
piccolo/query/functions/array.py,funcao,__add__,0,0,0,0,0,0,0,0,0,0,0,0
piccolo/query/functions/array.py,funcao,__radd__,0,0,0,0,0,0,0,0,0,0,0,0
piccolo/query/functions/array.py,funcao,__init__,1,2,1,2,3,3,2.0,4.7549,0.5,2.3774,0.1321,0.0016
piccolo/query/functions/type_conversion.py,funcao,__init__,2,6,3,6,8,9,17.5098,27.0,1.0,27.0,1.5,0.009
piccolo/query/methods/alter.py,funcao,ddl,1,4,3,6,5,9,8.0,20.8974,0.75,15.673,0.8707,0.007
piccolo/query/methods/alter.py,funcao,__str__,0,0,0,0,0,0,0,0,0,0,0,0
piccolo/query/methods/alter.py,funcao,column_name,0,0,0,0,0,0,0,0,0,0,0,0
piccolo/query/methods/alter.py,funcao,__init__,0,0,0,0,0,0,0,0,0,0,0,0
piccolo/query/methods/alter.py,funcao,add_column,0,0,0,0,0,0,0,0,0,0,0,0
piccolo/query/methods/alter.py,funcao,drop_column,0,0,0,0,0,0,0,0,0,0,0,0
piccolo/query/methods/alter.py,funcao,drop_default,0,0,0,0,0,0,0,0,0,0,0,0
piccolo/query/methods/alter.py,funcao,drop_table,0,0,0,0,0,0,0,0,0,0,0,0
piccolo/query/methods/alter.py,funcao,rename_table,0,0,0,0,0,0,0,0,0,0,0,0
piccolo/query/methods/alter.py,funcao,rename_constraint,0,0,0,0,0,0,0,0,0,0,0,0
piccolo/query/methods/alter.py,funcao,rename_column,0,0,0,0,0,0,0,0,0,0,0,0
piccolo/query/methods/alter.py,funcao,set_column_type,0,0,0,0,0,0,0,0,0,0,0,0
piccolo/query/methods/alter.py,funcao,set_default,0,0,0,0,0,0,0,0,0,0,0,0
piccolo/query/methods/alter.py,funcao,set_null,0,0,0,0,0,0,0,0,0,0,0,0
piccolo/query/methods/alter.py,funcao,set_unique,0,0,0,0,0,0,0,0,0,0,0,0
piccolo/query/methods/alter.py,funcao,set_length,2,3,2,3,5,5,6.7549,11.6096,1.0,11.6096,0.645,0.0039
piccolo/query/methods/alter.py,funcao,_get_constraint_name,0,0,0,0,0,0,0,0,0,0,0,0
piccolo/query/methods/alter.py,funcao,drop_constraint,0,0,0,0,0,0,0,0,0,0,0,0
piccolo/query/methods/alter.py,funcao,drop_foreign_key_constraint,0,0,0,0,0,0,0,0,0,0,0,0
piccolo/query/methods/alter.py,funcao,add_foreign_key_constraint,2,5,3,6,7,9,13.6096,25.2662,1.2,30.3194,1.6844,0.0084
piccolo/query/methods/alter.py,funcao,set_digits,0,0,0,0,0,0,0,0,0,0,0,0
piccolo/query/methods/alter.py,funcao,set_schema,0,0,0,0,0,0,0,0,0,0,0,0
piccolo/query/methods/alter.py,funcao,default_ddl,3,6,3,6,9,9,20.2647,28.5293,1.5,42.794,2.3774,0.0095
piccolo/query/methods/select.py,funcao,__init__,1,2,1,2,3,3,2.0,4.7549,0.5,2.3774,0.1321,0.0016
piccolo/query/methods/select.py,funcao,get_select_string,0,0,0,0,0,0,0,0,0,0,0,0
piccolo/query/methods/select.py,funcao,run,0,0,0,0,0,0,0,0,0,0,0,0
piccolo/query/methods/select.py,funcao,columns_delegate,0,0,0,0,0,0,0,0,0,0,0,0
piccolo/query/methods/select.py,funcao,as_of_delegate,0,0,0,0,0,0,0,0,0,0,0,0
piccolo/query/methods/select.py,funcao,lock_rows_delegate,0,0,0,0,0,0,0,0,0,0,0,0
piccolo/query/methods/select.py,funcao,where_delegate,0,0,0,0,0,0,0,0,0,0,0,0
piccolo/query/methods/select.py,funcao,having_delegate,0,0,0,0,0,0,0,0,0,0,0,0
piccolo/query/methods/select.py,funcao,order_by_delegate,0,0,0,0,0,0,0,0,0,0,0,0
piccolo/query/methods/select.py,funcao,group_by_delegate,0,0,0,0,0,0,0,0,0,0,0,0
piccolo/query/methods/select.py,funcao,distinct_delegate,0,0,0,0,0,0,0,0,0,0,0,0
piccolo/query/methods/select.py,funcao,limit_delegate,0,0,0,0,0,0,0,0,0,0,0,0
piccolo/query/methods/select.py,funcao,offset_delegate,0,0,0,0,0,0,0,0,0,0,0,0
piccolo/query/methods/select.py,funcao,output_delegate,0,0,0,0,0,0,0,0,0,0,0,0
piccolo/query/methods/select.py,funcao,callback_delegate,0,0,0,0,0,0,0,0,0,0,0,0
piccolo/query/methods/select.py,funcao,columns,0,0,0,0,0,0,0,0,0,0,0,0
piccolo/query/methods/select.py,funcao,distinct,3,6,3,6,9,9,20.2647,28.5293,1.5,42.794,2.3774,0.0095
piccolo/query/methods/select.py,funcao,group_by,0,0,0,0,0,0,0,0,0,0,0,0
piccolo/query/methods/select.py,funcao,as_of,1,2,1,2,3,3,2.0,4.7549,0.5,2.3774,0.1321,0.0016
piccolo/query/methods/select.py,funcao,limit,0,0,0,0,0,0,0,0,0,0,0,0
piccolo/query/methods/select.py,funcao,first,0,0,0,0,0,0,0,0,0,0,0,0
piccolo/query/methods/select.py,funcao,offset,0,0,0,0,0,0,0,0,0,0,0,0
piccolo/query/methods/select.py,funcao,lock_rows,0,0,0,0,0,0,0,0,0,0,0,0
piccolo/query/methods/select.py,funcao,_splice_m2m_rows,1,2,1,2,3,3,2.0,4.7549,0.5,2.3774,0.1321,0.0016
piccolo/query/methods/select.py,funcao,_handle_m2m_sqlite,3,5,4,7,8,11,16.3645,33.0,2.1,69.3,3.85,0.011
piccolo/query/methods/select.py,funcao,_handle_m2m_postgres,2,4,2,4,6,6,10.0,15.5098,1.0,15.5098,0.8617,0.0052
piccolo/query/methods/select.py,funcao,response_handler,4,8,5,9,12,14,32.0,50.1895,2.25,112.9263,6.2737,0.0167
piccolo/query/methods/select.py,funcao,order_by,0,0,0,0,0,0,0,0,0,0,0,0
piccolo/query/methods/select.py,funcao,output,0,0,0,0,0,0,0,0,0,0,0,0
piccolo/query/methods/select.py,funcao,callback,0,0,0,0,0,0,0,0,0,0,0,0
piccolo/query/methods/select.py,funcao,where,0,0,0,0,0,0,0,0,0,0,0,0
piccolo/query/methods/select.py,funcao,having,0,0,0,0,0,0,0,0,0,0,0,0
piccolo/query/methods/select.py,funcao,batch,0,0,0,0,0,0,0,0,0,0,0,0
piccolo/query/methods/select.py,funcao,_get_joins,4,6,5,9,10,14,23.5098,46.507,3.0,139.521,7.7512,0.0155
piccolo/query/methods/select.py,funcao,_check_valid_call_chain,3,5,3,5,8,8,16.3645,24.0,1.5,36.0,2.0,0.008
piccolo/query/methods/select.py,funcao,default_querystrings,2,12,7,14,14,21,45.0196,79.9545,1.1667,93.2802,5.1822,0.0267
piccolo/query/methods/select.py,funcao,_append_clauses,1,4,7,14,5,21,8.0,48.7605,1.75,85.3309,4.7406,0.0163
piccolo/query/methods/select.py,funcao,_validate_sqlite_offset,3,6,3,6,9,9,20.2647,28.5293,1.5,42.794,2.3774,0.0095
piccolo/query/methods/select.py,funcao,_append_lock_rows,2,4,2,4,6,6,10.0,15.5098,1.0,15.5098,0.8617,0.0052
piccolo/query/methods/indexes.py,funcao,postgres_querystrings,0,0,0,0,0,0,0,0,0,0,0,0
piccolo/query/methods/indexes.py,funcao,cockroach_querystrings,0,0,0,0,0,0,0,0,0,0,0,0
piccolo/query/methods/indexes.py,funcao,sqlite_querystrings,0,0,0,0,0,0,0,0,0,0,0,0
piccolo/query/methods/indexes.py,funcao,response_handler,0,0,0,0,0,0,0,0,0,0,0,0
piccolo/query/methods/refresh.py,funcao,__init__,1,2,1,2,3,3,2.0,4.7549,0.5,2.3774,0.1321,0.0016
piccolo/query/methods/refresh.py,funcao,_columns,1,1,1,1,2,2,0,2.0,0.5,1.0,0.0556,0.0007
piccolo/query/methods/refresh.py,funcao,_get_columns,1,2,1,2,3,3,2.0,4.7549,0.5,2.3774,0.1321,0.0016
piccolo/query/methods/refresh.py,funcao,_update_instance,3,5,3,5,8,8,16.3645,24.0,1.5,36.0,2.0,0.008
piccolo/query/methods/refresh.py,funcao,run,3,6,5,8,9,13,20.2647,41.209,2.0,82.4181,4.5788,0.0137
piccolo/query/methods/refresh.py,funcao,__await__,0,0,0,0,0,0,0,0,0,0,0,0
piccolo/query/methods/refresh.py,funcao,run_sync,0,0,0,0,0,0,0,0,0,0,0,0
piccolo/query/methods/raw.py,funcao,__init__,0,0,0,0,0,0,0,0,0,0,0,0
piccolo/query/methods/raw.py,funcao,batch,0,0,0,0,0,0,0,0,0,0,0,0
piccolo/query/methods/raw.py,funcao,default_querystrings,0,0,0,0,0,0,0,0,0,0,0,0
piccolo/query/methods/exists.py,funcao,__init__,0,0,0,0,0,0,0,0,0,0,0,0
piccolo/query/methods/exists.py,funcao,where,0,0,0,0,0,0,0,0,0,0,0,0
piccolo/query/methods/exists.py,funcao,response_handler,0,0,0,0,0,0,0,0,0,0,0,0
piccolo/query/methods/exists.py,funcao,default_querystrings,0,0,0,0,0,0,0,0,0,0,0,0
piccolo/query/methods/create.py,funcao,__init__,0,0,0,0,0,0,0,0,0,0,0,0
piccolo/query/methods/create.py,funcao,default_ddl,5,13,6,14,18,20,59.7154,83.3985,2.6923,224.5344,12.4741,0.0278
piccolo/query/methods/table_exists.py,funcao,response_handler,0,0,0,0,0,0,0,0,0,0,0,0
piccolo/query/methods/table_exists.py,funcao,sqlite_querystrings,0,0,0,0,0,0,0,0,0,0,0,0
piccolo/query/methods/table_exists.py,funcao,postgres_querystrings,0,0,0,0,0,0,0,0,0,0,0,0
piccolo/query/methods/table_exists.py,funcao,cockroach_querystrings,0,0,0,0,0,0,0,0,0,0,0,0
piccolo/query/methods/count.py,funcao,__init__,0,0,0,0,0,0,0,0,0,0,0,0
piccolo/query/methods/count.py,funcao,where,0,0,0,0,0,0,0,0,0,0,0,0
piccolo/query/methods/count.py,funcao,distinct,0,0,0,0,0,0,0,0,0,0,0,0
piccolo/query/methods/count.py,funcao,response_handler,0,0,0,0,0,0,0,0,0,0,0,0
piccolo/query/methods/count.py,funcao,default_querystrings,0,0,0,0,0,0,0,0,0,0,0,0
piccolo/query/methods/create_index.py,funcao,__init__,0,0,0,0,0,0,0,0,0,0,0,0
piccolo/query/methods/create_index.py,funcao,column_names,0,0,0,0,0,0,0,0,0,0,0,0
piccolo/query/methods/create_index.py,funcao,prefix,1,2,1,2,3,3,2.0,4.7549,0.5,2.3774,0.1321,0.0016
piccolo/query/methods/create_index.py,funcao,postgres_ddl,0,0,0,0,0,0,0,0,0,0,0,0
piccolo/query/methods/create_index.py,funcao,cockroach_ddl,0,0,0,0,0,0,0,0,0,0,0,0
piccolo/query/methods/create_index.py,funcao,sqlite_ddl,1,2,1,2,3,3,2.0,4.7549,0.5,2.3774,0.1321,0.0016
piccolo/query/methods/objects.py,funcao,__init__,0,0,0,0,0,0,0,0,0,0,0,0
piccolo/query/methods/objects.py,funcao,run,0,0,0,0,0,0,0,0,0,0,0,0
piccolo/query/methods/objects.py,funcao,__await__,0,0,0,0,0,0,0,0,0,0,0,0
piccolo/query/methods/objects.py,funcao,run_sync,0,0,0,0,0,0,0,0,0,0,0,0
piccolo/query/methods/objects.py,funcao,as_of_delegate,0,0,0,0,0,0,0,0,0,0,0,0
piccolo/query/methods/objects.py,funcao,limit_delegate,0,0,0,0,0,0,0,0,0,0,0,0
piccolo/query/methods/objects.py,funcao,offset_delegate,0,0,0,0,0,0,0,0,0,0,0,0
piccolo/query/methods/objects.py,funcao,order_by_delegate,0,0,0,0,0,0,0,0,0,0,0,0
piccolo/query/methods/objects.py,funcao,output_delegate,0,0,0,0,0,0,0,0,0,0,0,0
piccolo/query/methods/objects.py,funcao,callback_delegate,0,0,0,0,0,0,0,0,0,0,0,0
piccolo/query/methods/objects.py,funcao,prefetch_delegate,0,0,0,0,0,0,0,0,0,0,0,0
piccolo/query/methods/objects.py,funcao,where_delegate,0,0,0,0,0,0,0,0,0,0,0,0
piccolo/query/methods/objects.py,funcao,lock_rows_delegate,0,0,0,0,0,0,0,0,0,0,0,0
piccolo/query/methods/objects.py,funcao,output,0,0,0,0,0,0,0,0,0,0,0,0
piccolo/query/methods/objects.py,funcao,callback,0,0,0,0,0,0,0,0,0,0,0,0
piccolo/query/methods/objects.py,funcao,as_of,1,2,1,2,3,3,2.0,4.7549,0.5,2.3774,0.1321,0.0016
piccolo/query/methods/objects.py,funcao,limit,0,0,0,0,0,0,0,0,0,0,0,0
piccolo/query/methods/objects.py,funcao,prefetch,0,0,0,0,0,0,0,0,0,0,0,0
piccolo/query/methods/objects.py,funcao,offset,0,0,0,0,0,0,0,0,0,0,0,0
piccolo/query/methods/objects.py,funcao,order_by,0,0,0,0,0,0,0,0,0,0,0,0
piccolo/query/methods/objects.py,funcao,where,0,0,0,0,0,0,0,0,0,0,0,0
piccolo/query/methods/objects.py,funcao,first,0,0,0,0,0,0,0,0,0,0,0,0
piccolo/query/methods/objects.py,funcao,lock_rows,0,0,0,0,0,0,0,0,0,0,0,0
piccolo/query/methods/objects.py,funcao,get,0,0,0,0,0,0,0,0,0,0,0,0
piccolo/query/methods/objects.py,funcao,get_or_create,1,2,1,2,3,3,2.0,4.7549,0.5,2.3774,0.1321,0.0016
piccolo/query/methods/objects.py,funcao,create,0,0,0,0,0,0,0,0,0,0,0,0
piccolo/query/methods/objects.py,funcao,batch,0,0,0,0,0,0,0,0,0,0,0,0
piccolo/query/methods/objects.py,funcao,response_handler,0,0,0,0,0,0,0,0,0,0,0,0
piccolo/query/methods/objects.py,funcao,default_querystrings,0,0,0,0,0,0,0,0,0,0,0,0
piccolo/query/methods/update.py,funcao,__init__,0,0,0,0,0,0,0,0,0,0,0,0
piccolo/query/methods/update.py,funcao,values,1,2,1,2,3,3,2.0,4.7549,0.5,2.3774,0.1321,0.0016
piccolo/query/methods/update.py,funcao,where,0,0,0,0,0,0,0,0,0,0,0,0
piccolo/query/methods/update.py,funcao,returning,0,0,0,0,0,0,0,0,0,0,0,0
piccolo/query/methods/update.py,funcao,_validate,4,7,5,8,11,13,27.6515,44.9726,2.2857,102.7945,5.7108,0.015
piccolo/query/methods/update.py,funcao,default_querystrings,0,0,0,0,0,0,0,0,0,0,0,0
piccolo/query/methods/delete.py,funcao,__init__,0,0,0,0,0,0,0,0,0,0,0,0
piccolo/query/methods/delete.py,funcao,where,0,0,0,0,0,0,0,0,0,0,0,0
piccolo/query/methods/delete.py,funcao,returning,0,0,0,0,0,0,0,0,0,0,0,0
piccolo/query/methods/delete.py,funcao,_validate,2,4,3,4,6,7,10.0,18.0947,1.0,18.0947,1.0053,0.006
piccolo/query/methods/delete.py,funcao,default_querystrings,0,0,0,0,0,0,0,0,0,0,0,0
piccolo/query/methods/insert.py,funcao,__init__,0,0,0,0,0,0,0,0,0,0,0,0
piccolo/query/methods/insert.py,funcao,add,0,0,0,0,0,0,0,0,0,0,0,0
piccolo/query/methods/insert.py,funcao,returning,0,0,0,0,0,0,0,0,0,0,0,0
piccolo/query/methods/insert.py,funcao,on_conflict,4,11,6,12,15,18,46.0537,70.324,2.1818,153.4342,8.5241,0.0234
piccolo/query/methods/insert.py,funcao,_raw_response_callback,0,0,0,0,0,0,0,0,0,0,0,0
piccolo/query/methods/insert.py,funcao,default_querystrings,5,9,5,10,14,15,40.139,57.1103,2.7778,158.6398,8.8133,0.019
piccolo/query/methods/drop_index.py,funcao,__init__,0,0,0,0,0,0,0,0,0,0,0,0
piccolo/query/methods/drop_index.py,funcao,column_names,0,0,0,0,0,0,0,0,0,0,0,0
piccolo/query/methods/drop_index.py,funcao,default_querystrings,1,2,1,2,3,3,2.0,4.7549,0.5,2.3774,0.1321,0.0016
piccolo/query/operators/json.py,funcao,clean_value,1,1,1,1,2,2,0,2.0,0.5,1.0,0.0556,0.0007
piccolo/query/operators/json.py,funcao,__eq__,0,0,0,0,0,0,0,0,0,0,0,0
piccolo/query/operators/json.py,funcao,__ne__,0,0,0,0,0,0,0,0,0,0,0,0
piccolo/query/operators/json.py,funcao,eq,0,0,0,0,0,0,0,0,0,0,0,0
piccolo/query/operators/json.py,funcao,ne,0,0,0,0,0,0,0,0,0,0,0,0
piccolo/query/operators/json.py,funcao,__init__,0,0,0,0,0,0,0,0,0,0,0,0
piccolo/query/operators/json.py,funcao,arrow,0,0,0,0,0,0,0,0,0,0,0,0
piccolo/query/operators/json.py,funcao,__getitem__,0,0,0,0,0,0,0,0,0,0,0,0
piccolo/columns/m2m.py,funcao,__init__,4,7,4,7,11,11,27.6515,38.0537,2.0,76.1075,4.2282,0.0127
piccolo/columns/m2m.py,funcao,get_select_string,5,10,7,12,15,19,44.8289,74.2309,3.0,222.6928,12.3718,0.0247
piccolo/columns/m2m.py,funcao,name,1,1,1,1,2,2,0,2.0,0.5,1.0,0.0556,0.0007
piccolo/columns/m2m.py,funcao,table,1,1,1,1,2,2,0,2.0,0.5,1.0,0.0556,0.0007
piccolo/columns/m2m.py,funcao,resolved_joining_table,1,2,1,2,3,3,2.0,4.7549,0.5,2.3774,0.1321,0.0016
piccolo/columns/m2m.py,funcao,foreign_key_columns,1,1,1,1,2,2,0,2.0,0.5,1.0,0.0556,0.0007
piccolo/columns/m2m.py,funcao,primary_foreign_key,1,2,1,2,3,3,2.0,4.7549,0.5,2.3774,0.1321,0.0016
piccolo/columns/m2m.py,funcao,primary_table,0,0,0,0,0,0,0,0,0,0,0,0
piccolo/columns/m2m.py,funcao,secondary_foreign_key,1,2,1,2,3,3,2.0,4.7549,0.5,2.3774,0.1321,0.0016
piccolo/columns/m2m.py,funcao,secondary_table,0,0,0,0,0,0,0,0,0,0,0,0
piccolo/columns/m2m.py,funcao,resolved_extra_column_values,0,0,0,0,0,0,0,0,0,0,0,0
piccolo/columns/m2m.py,funcao,_run,1,1,1,1,2,2,0,2.0,0.5,1.0,0.0556,0.0007
piccolo/columns/m2m.py,funcao,run,1,2,1,2,3,3,2.0,4.7549,0.5,2.3774,0.1321,0.0016
piccolo/columns/m2m.py,funcao,run_sync,0,0,0,0,0,0,0,0,0,0,0,0
piccolo/columns/m2m.py,funcao,__await__,0,0,0,0,0,0,0,0,0,0,0,0
piccolo/columns/m2m.py,funcao,__call__,3,5,3,5,8,8,16.3645,24.0,1.5,36.0,2.0,0.008
piccolo/columns/readable.py,funcao,_columns_string,0,0,0,0,0,0,0,0,0,0,0,0
piccolo/columns/readable.py,funcao,_get_string,0,0,0,0,0,0,0,0,0,0,0,0
piccolo/columns/readable.py,funcao,sqlite_string,0,0,0,0,0,0,0,0,0,0,0,0
piccolo/columns/readable.py,funcao,postgres_string,0,0,0,0,0,0,0,0,0,0,0,0
piccolo/columns/readable.py,funcao,cockroach_string,0,0,0,0,0,0,0,0,0,0,0,0
piccolo/columns/readable.py,funcao,get_select_string,0,0,0,0,0,0,0,0,0,0,0,0
piccolo/columns/indexes.py,funcao,__str__,0,0,0,0,0,0,0,0,0,0,0,0
piccolo/columns/indexes.py,funcao,__repr__,0,0,0,0,0,0,0,0,0,0,0,0
piccolo/columns/reference.py,funcao,__post_init__,2,5,4,8,7,12,13.6096,33.6883,1.6,53.9012,2.9945,0.0112
piccolo/columns/reference.py,funcao,resolve,2,6,3,7,8,10,17.5098,30.0,1.1667,35.0,1.9444,0.01
piccolo/columns/reference.py,funcao,__str__,0,0,0,0,0,0,0,0,0,0,0,0
piccolo/columns/reference.py,funcao,for_table,2,4,2,4,6,6,10.0,15.5098,1.0,15.5098,0.8617,0.0052
piccolo/columns/reference.py,funcao,for_tablename,2,3,2,4,5,6,6.7549,13.9316,1.3333,18.5754,1.032,0.0046
piccolo/columns/base.py,funcao,__str__,0,0,0,0,0,0,0,0,0,0,0,0
piccolo/columns/base.py,funcao,__repr__,0,0,0,0,0,0,0,0,0,0,0,0
piccolo/columns/base.py,funcao,resolved_references,1,2,1,2,3,3,2.0,4.7549,0.5,2.3774,0.1321,0.0016
piccolo/columns/base.py,funcao,resolved_target_column,1,2,1,2,3,3,2.0,4.7549,0.5,2.3774,0.1321,0.0016
piccolo/columns/base.py,funcao,copy,0,0,0,0,0,0,0,0,0,0,0,0
piccolo/columns/base.py,funcao,__copy__,0,0,0,0,0,0,0,0,0,0,0,0
piccolo/columns/base.py,funcao,__deepcopy__,0,0,0,0,0,0,0,0,0,0,0,0
piccolo/columns/base.py,funcao,db_column_name,0,0,0,0,0,0,0,0,0,0,0,0
piccolo/columns/base.py,funcao,name,0,0,0,0,0,0,0,0,0,0,0,0
piccolo/columns/base.py,funcao,table,0,0,0,0,0,0,0,0,0,0,0,0
piccolo/columns/base.py,funcao,null,0,0,0,0,0,0,0,0,0,0,0,0
piccolo/columns/base.py,funcao,primary_key,0,0,0,0,0,0,0,0,0,0,0,0
piccolo/columns/base.py,funcao,unique,0,0,0,0,0,0,0,0,0,0,0,0
piccolo/columns/base.py,funcao,index,0,0,0,0,0,0,0,0,0,0,0,0
piccolo/columns/base.py,funcao,index_method,0,0,0,0,0,0,0,0,0,0,0,0
piccolo/columns/base.py,funcao,required,0,0,0,0,0,0,0,0,0,0,0,0
piccolo/columns/base.py,funcao,help_text,0,0,0,0,0,0,0,0,0,0,0,0
piccolo/columns/base.py,funcao,choices,0,0,0,0,0,0,0,0,0,0,0,0
piccolo/columns/base.py,funcao,secret,0,0,0,0,0,0,0,0,0,0,0,0
piccolo/columns/base.py,funcao,auto_update,0,0,0,0,0,0,0,0,0,0,0,0
piccolo/columns/base.py,funcao,engine_type,0,0,0,0,0,0,0,0,0,0,0,0
piccolo/columns/base.py,funcao,get_choices_dict,1,2,1,2,3,3,2.0,4.7549,0.5,2.3774,0.1321,0.0016
piccolo/columns/base.py,funcao,get_default_alias,1,2,1,2,3,3,2.0,4.7549,0.5,2.3774,0.1321,0.0016
piccolo/columns/base.py,funcao,_get_path,1,1,1,1,2,2,0,2.0,0.5,1.0,0.0556,0.0007
piccolo/columns/base.py,funcao,get_full_name,1,3,2,4,4,6,4.7549,12.0,0.6667,8.0,0.4444,0.004
piccolo/columns/base.py,funcao,__init__,2,4,2,4,6,6,10.0,15.5098,1.0,15.5098,0.8617,0.0052
piccolo/columns/base.py,funcao,_validate_default,4,13,8,16,17,24,56.1057,98.0991,2.4615,241.4747,13.4153,0.0327
piccolo/columns/base.py,funcao,_validate_choices,1,2,1,2,3,3,2.0,4.7549,0.5,2.3774,0.1321,0.0016
piccolo/columns/base.py,funcao,is_in,2,4,2,4,6,6,10.0,15.5098,1.0,15.5098,0.8617,0.0052
piccolo/columns/base.py,funcao,not_in,2,4,2,4,6,6,10.0,15.5098,1.0,15.5098,0.8617,0.0052
piccolo/columns/base.py,funcao,like,0,0,0,0,0,0,0,0,0,0,0,0
piccolo/columns/base.py,funcao,ilike,1,2,1,2,3,3,2.0,4.7549,0.5,2.3774,0.1321,0.0016
piccolo/columns/base.py,funcao,not_like,0,0,0,0,0,0,0,0,0,0,0,0
piccolo/columns/base.py,funcao,__or__,0,0,0,0,0,0,0,0,0,0,0,0
piccolo/columns/base.py,funcao,__lt__,0,0,0,0,0,0,0,0,0,0,0,0
piccolo/columns/base.py,funcao,__le__,0,0,0,0,0,0,0,0,0,0,0,0
piccolo/columns/base.py,funcao,__gt__,0,0,0,0,0,0,0,0,0,0,0,0
piccolo/columns/base.py,funcao,__ge__,0,0,0,0,0,0,0,0,0,0,0,0
piccolo/columns/base.py,funcao,_equals,2,6,4,8,8,12,17.5098,36.0,1.3333,48.0,2.6667,0.012
piccolo/columns/base.py,funcao,__eq__,1,2,1,2,3,3,2.0,4.7549,0.5,2.3774,0.1321,0.0016
piccolo/columns/base.py,funcao,__ne__,1,2,1,2,3,3,2.0,4.7549,0.5,2.3774,0.1321,0.0016
piccolo/columns/base.py,funcao,__hash__,0,0,0,0,0,0,0,0,0,0,0,0
piccolo/columns/base.py,funcao,is_null,0,0,0,0,0,0,0,0,0,0,0,0
piccolo/columns/base.py,funcao,is_not_null,0,0,0,0,0,0,0,0,0,0,0,0
piccolo/columns/base.py,funcao,as_alias,0,0,0,0,0,0,0,0,0,0,0,0
piccolo/columns/base.py,funcao,join_on,0,0,0,0,0,0,0,0,0,0,0,0
piccolo/columns/base.py,funcao,get_default_value,1,2,1,2,3,3,2.0,4.7549,0.5,2.3774,0.1321,0.0016
piccolo/columns/base.py,funcao,get_select_string,0,0,0,0,0,0,0,0,0,0,0,0
piccolo/columns/base.py,funcao,get_where_string,0,0,0,0,0,0,0,0,0,0,0,0
piccolo/columns/base.py,funcao,get_sql_value,3,5,3,6,8,9,16.3645,27.0,1.8,48.6,2.7,0.009
piccolo/columns/base.py,funcao,_get_sqlite_sql_value,0,0,0,0,0,0,0,0,0,0,0,0
piccolo/columns/base.py,funcao,_get_postgres_sql_value,1,7,4,8,8,12,19.6515,36.0,0.5714,20.5714,1.1429,0.012
piccolo/columns/base.py,funcao,column_type,0,0,0,0,0,0,0,0,0,0,0,0
piccolo/columns/base.py,funcao,table_alias,0,0,0,0,0,0,0,0,0,0,0,0
piccolo/columns/base.py,funcao,ddl,5,13,9,17,18,26,59.7154,108.4181,3.2692,354.4436,19.6913,0.0361
piccolo/columns/combination.py,funcao,__and__,0,0,0,0,0,0,0,0,0,0,0,0
piccolo/columns/combination.py,funcao,__or__,0,0,0,0,0,0,0,0,0,0,0,0
piccolo/columns/combination.py,funcao,__init__,2,5,3,6,7,9,13.6096,25.2662,1.2,30.3194,1.6844,0.0084
piccolo/columns/combination.py,funcao,querystring,1,3,2,4,4,6,4.7549,12.0,0.6667,8.0,0.4444,0.004
piccolo/columns/combination.py,funcao,querystring_for_update_and_delete,1,3,2,4,4,6,4.7549,12.0,0.6667,8.0,0.4444,0.004
piccolo/columns/combination.py,funcao,__str__,0,0,0,0,0,0,0,0,0,0,0,0
piccolo/columns/combination.py,funcao,get_column_values,1,3,2,4,4,6,4.7549,12.0,0.6667,8.0,0.4444,0.004
piccolo/columns/combination.py,funcao,clean_value,0,0,0,0,0,0,0,0,0,0,0,0
piccolo/columns/combination.py,funcao,values_querystring,0,0,0,0,0,0,0,0,0,0,0,0
piccolo/columns/column_types.py,funcao,get_querystring,7,13,9,16,20,25,67.7572,108.0482,4.3077,465.4384,25.8577,0.036
piccolo/columns/column_types.py,funcao,get_postgres_interval_string,0,0,0,0,0,0,0,0,0,0,0,0
piccolo/columns/column_types.py,funcao,get_sqlite_interval_string,4,8,4,8,12,12,32.0,43.0196,2.0,86.0391,4.78,0.0143
piccolo/columns/column_types.py,funcao,__init__,1,2,1,2,3,3,2.0,4.7549,0.5,2.3774,0.1321,0.0016
piccolo/columns/column_types.py,funcao,column_type,2,3,2,4,5,6,6.7549,13.9316,1.3333,18.5754,1.032,0.0046
piccolo/columns/column_types.py,funcao,__add__,0,0,0,0,0,0,0,0,0,0,0,0
piccolo/columns/column_types.py,funcao,__radd__,0,0,0,0,0,0,0,0,0,0,0,0
piccolo/columns/column_types.py,funcao,__get__,0,0,0,0,0,0,0,0,0,0,0,0
piccolo/columns/column_types.py,funcao,__set__,0,0,0,0,0,0,0,0,0,0,0,0
piccolo/columns/column_types.py,funcao,__sub__,0,0,0,0,0,0,0,0,0,0,0,0
piccolo/columns/column_types.py,funcao,__rsub__,0,0,0,0,0,0,0,0,0,0,0,0
piccolo/columns/column_types.py,funcao,__mul__,0,0,0,0,0,0,0,0,0,0,0,0
piccolo/columns/column_types.py,funcao,__rmul__,0,0,0,0,0,0,0,0,0,0,0,0
piccolo/columns/column_types.py,funcao,__truediv__,0,0,0,0,0,0,0,0,0,0,0,0
piccolo/columns/column_types.py,funcao,__rtruediv__,0,0,0,0,0,0,0,0,0,0,0,0
piccolo/columns/column_types.py,funcao,__floordiv__,0,0,0,0,0,0,0,0,0,0,0,0
piccolo/columns/column_types.py,funcao,__rfloordiv__,0,0,0,0,0,0,0,0,0,0,0,0
piccolo/columns/column_types.py,funcao,_get_column_type,1,4,3,6,5,9,8.0,20.8974,0.75,15.673,0.8707,0.007
piccolo/columns/column_types.py,funcao,default,1,4,3,6,5,9,8.0,20.8974,0.75,15.673,0.8707,0.007
piccolo/columns/column_types.py,funcao,eq,0,0,0,0,0,0,0,0,0,0,0,0
piccolo/columns/column_types.py,funcao,ne,0,0,0,0,0,0,0,0,0,0,0,0
piccolo/columns/column_types.py,funcao,precision,1,2,1,2,3,3,2.0,4.7549,0.5,2.3774,0.1321,0.0016
piccolo/columns/column_types.py,funcao,scale,1,2,1,2,3,3,2.0,4.7549,0.5,2.3774,0.1321,0.0016
piccolo/columns/column_types.py,funcao,value_type,0,0,0,0,0,0,0,0,0,0,0,0
piccolo/columns/column_types.py,funcao,_setup,4,7,4,8,11,12,27.6515,41.5132,2.2857,94.8873,5.2715,0.0138
piccolo/columns/column_types.py,funcao,copy,0,0,0,0,0,0,0,0,0,0,0,0
piccolo/columns/column_types.py,funcao,all_columns,2,4,2,4,6,6,10.0,15.5098,1.0,15.5098,0.8617,0.0052
piccolo/columns/column_types.py,funcao,reverse,2,3,3,4,5,7,6.7549,16.2535,1.3333,21.6713,1.204,0.0054
piccolo/columns/column_types.py,funcao,all_related,2,4,2,4,6,6,10.0,15.5098,1.0,15.5098,0.8617,0.0052
piccolo/columns/column_types.py,funcao,set_proxy_columns,0,0,0,0,0,0,0,0,0,0,0,0
piccolo/columns/column_types.py,funcao,_,0,0,0,0,0,0,0,0,0,0,0,0
piccolo/columns/column_types.py,funcao,__getattribute__,5,11,6,11,16,17,49.6634,68.0,2.5,170.0,9.4444,0.0227
piccolo/columns/column_types.py,funcao,arrow,1,2,1,2,3,3,2.0,4.7549,0.5,2.3774,0.1321,0.0016
piccolo/columns/column_types.py,funcao,__getitem__,4,8,5,10,12,15,32.0,53.7744,2.5,134.4361,7.4687,0.0179
piccolo/columns/column_types.py,funcao,from_path,1,2,1,2,3,3,2.0,4.7549,0.5,2.3774,0.1321,0.0016
piccolo/columns/column_types.py,funcao,__call__,0,0,0,0,0,0,0,0,0,0,0,0
piccolo/columns/column_types.py,funcao,__repr__,0,0,0,0,0,0,0,0,0,0,0,0
piccolo/columns/column_types.py,funcao,_setup_base_column,0,0,0,0,0,0,0,0,0,0,0,0
piccolo/columns/column_types.py,funcao,_get_dimensions,1,2,2,4,3,6,2.0,9.5098,1.0,9.5098,0.5283,0.0032
piccolo/columns/column_types.py,funcao,_get_inner_column,0,0,0,0,0,0,0,0,0,0,0,0
piccolo/columns/column_types.py,funcao,_get_inner_value_type,0,0,0,0,0,0,0,0,0,0,0,0
piccolo/columns/column_types.py,funcao,get_select_string,2,5,3,6,7,9,13.6096,25.2662,1.2,30.3194,1.6844,0.0084
piccolo/columns/column_types.py,funcao,any,2,3,2,4,5,6,6.7549,13.9316,1.3333,18.5754,1.032,0.0046
piccolo/columns/column_types.py,funcao,not_any,2,3,2,4,5,6,6.7549,13.9316,1.3333,18.5754,1.032,0.0046
piccolo/columns/column_types.py,funcao,all,2,3,2,4,5,6,6.7549,13.9316,1.3333,18.5754,1.032,0.0046
piccolo/columns/column_types.py,funcao,cat,1,1,1,1,2,2,0,2.0,0.5,1.0,0.0556,0.0007
piccolo/columns/column_types.py,funcao,remove,0,0,0,0,0,0,0,0,0,0,0,0
piccolo/columns/column_types.py,funcao,prepend,0,0,0,0,0,0,0,0,0,0,0,0
piccolo/columns/column_types.py,funcao,append,0,0,0,0,0,0,0,0,0,0,0,0
piccolo/columns/column_types.py,funcao,replace,0,0,0,0,0,0,0,0,0,0,0,0
piccolo/columns/defaults/interval.py,funcao,__init__,0,0,0,0,0,0,0,0,0,0,0,0
piccolo/columns/defaults/interval.py,funcao,timedelta,0,0,0,0,0,0,0,0,0,0,0,0
piccolo/columns/defaults/interval.py,funcao,postgres,0,0,0,0,0,0,0,0,0,0,0,0
piccolo/columns/defaults/interval.py,funcao,cockroach,0,0,0,0,0,0,0,0,0,0,0,0
piccolo/columns/defaults/interval.py,funcao,sqlite,0,0,0,0,0,0,0,0,0,0,0,0
piccolo/columns/defaults/interval.py,funcao,python,0,0,0,0,0,0,0,0,0,0,0,0
piccolo/columns/defaults/interval.py,funcao,from_timedelta,0,0,0,0,0,0,0,0,0,0,0,0
piccolo/columns/defaults/uuid.py,funcao,postgres,0,0,0,0,0,0,0,0,0,0,0,0
piccolo/columns/defaults/uuid.py,funcao,cockroach,0,0,0,0,0,0,0,0,0,0,0,0
piccolo/columns/defaults/uuid.py,funcao,sqlite,0,0,0,0,0,0,0,0,0,0,0,0
piccolo/columns/defaults/uuid.py,funcao,python,0,0,0,0,0,0,0,0,0,0,0,0
piccolo/columns/defaults/base.py,funcao,postgres,0,0,0,0,0,0,0,0,0,0,0,0
piccolo/columns/defaults/base.py,funcao,sqlite,0,0,0,0,0,0,0,0,0,0,0,0
piccolo/columns/defaults/base.py,funcao,python,0,0,0,0,0,0,0,0,0,0,0,0
piccolo/columns/defaults/base.py,funcao,get_postgres_interval_string,1,2,1,2,3,3,2.0,4.7549,0.5,2.3774,0.1321,0.0016
piccolo/columns/defaults/base.py,funcao,get_sqlite_interval_string,1,2,1,2,3,3,2.0,4.7549,0.5,2.3774,0.1321,0.0016
piccolo/columns/defaults/base.py,funcao,__repr__,0,0,0,0,0,0,0,0,0,0,0,0
piccolo/columns/defaults/base.py,funcao,__str__,0,0,0,0,0,0,0,0,0,0,0,0
piccolo/columns/defaults/base.py,funcao,__eq__,1,2,1,2,3,3,2.0,4.7549,0.5,2.3774,0.1321,0.0016
piccolo/columns/defaults/base.py,funcao,__hash__,0,0,0,0,0,0,0,0,0,0,0,0
piccolo/columns/defaults/time.py,funcao,__init__,0,0,0,0,0,0,0,0,0,0,0,0
piccolo/columns/defaults/time.py,funcao,postgres,0,0,0,0,0,0,0,0,0,0,0,0
piccolo/columns/defaults/time.py,funcao,cockroach,0,0,0,0,0,0,0,0,0,0,0,0
piccolo/columns/defaults/time.py,funcao,sqlite,0,0,0,0,0,0,0,0,0,0,0,0
piccolo/columns/defaults/time.py,funcao,python,0,0,0,0,0,0,0,0,0,0,0,0
piccolo/columns/defaults/time.py,funcao,from_time,0,0,0,0,0,0,0,0,0,0,0,0
piccolo/columns/defaults/timestamptz.py,funcao,cockroach,0,0,0,0,0,0,0,0,0,0,0,0
piccolo/columns/defaults/timestamptz.py,funcao,python,0,0,0,0,0,0,0,0,0,0,0,0
piccolo/columns/defaults/timestamptz.py,funcao,datetime,0,0,0,0,0,0,0,0,0,0,0,0
piccolo/columns/defaults/timestamptz.py,funcao,from_datetime,1,2,1,2,3,3,2.0,4.7549,0.5,2.3774,0.1321,0.0016
piccolo/columns/defaults/date.py,funcao,__init__,0,0,0,0,0,0,0,0,0,0,0,0
piccolo/columns/defaults/date.py,funcao,postgres,0,0,0,0,0,0,0,0,0,0,0,0
piccolo/columns/defaults/date.py,funcao,cockroach,0,0,0,0,0,0,0,0,0,0,0,0
piccolo/columns/defaults/date.py,funcao,sqlite,0,0,0,0,0,0,0,0,0,0,0,0
piccolo/columns/defaults/date.py,funcao,python,0,0,0,0,0,0,0,0,0,0,0,0
piccolo/columns/defaults/date.py,funcao,from_date,0,0,0,0,0,0,0,0,0,0,0,0
piccolo/columns/defaults/timestamp.py,funcao,__init__,0,0,0,0,0,0,0,0,0,0,0,0
piccolo/columns/defaults/timestamp.py,funcao,postgres,0,0,0,0,0,0,0,0,0,0,0,0
piccolo/columns/defaults/timestamp.py,funcao,cockroach,0,0,0,0,0,0,0,0,0,0,0,0
piccolo/columns/defaults/timestamp.py,funcao,sqlite,0,0,0,0,0,0,0,0,0,0,0,0
piccolo/columns/defaults/timestamp.py,funcao,python,0,0,0,0,0,0,0,0,0,0,0,0
piccolo/columns/defaults/timestamp.py,funcao,datetime,0,0,0,0,0,0,0,0,0,0,0,0
piccolo/columns/defaults/timestamp.py,funcao,from_datetime,0,0,0,0,0,0,0,0,0,0,0,0
piccolo/utils/naming.py,funcao,_camel_to_snake,0,0,0,0,0,0,0,0,0,0,0,0
piccolo/utils/naming.py,funcao,_snake_to_camel,0,0,0,0,0,0,0,0,0,0,0,0
piccolo/utils/sql_values.py,funcao,convert_to_sql_value,4,7,4,7,11,11,27.6515,38.0537,2.0,76.1075,4.2282,0.0127
piccolo/utils/sync.py,funcao,run_sync,0,0,0,0,0,0,0,0,0,0,0,0
piccolo/utils/list.py,funcao,flatten,0,0,0,0,0,0,0,0,0,0,0,0
piccolo/utils/list.py,funcao,batch,6,8,8,16,14,24,39.5098,91.3765,6.0,548.2591,30.4588,0.0305
piccolo/utils/uuid.py,funcao,uuid7,0,0,0,0,0,0,0,0,0,0,0,0
piccolo/utils/repr.py,funcao,repr_class_instance,1,2,1,2,3,3,2.0,4.7549,0.5,2.3774,0.1321,0.0016
piccolo/utils/pydantic.py,funcao,pydantic_json_validator,1,2,1,2,3,3,2.0,4.7549,0.5,2.3774,0.1321,0.0016
piccolo/utils/pydantic.py,funcao,is_table_column,2,3,3,6,5,9,6.7549,20.8974,2.0,41.7947,2.3219,0.007
piccolo/utils/pydantic.py,funcao,validate_columns,1,2,1,2,3,3,2.0,4.7549,0.5,2.3774,0.1321,0.0016
piccolo/utils/pydantic.py,funcao,get_array_value_type,0,0,0,0,0,0,0,0,0,0,0,0
piccolo/utils/pydantic.py,funcao,get_pydantic_value_type,0,0,0,0,0,0,0,0,0,0,0,0
piccolo/utils/pydantic.py,funcao,_filter_piccolo_columns,1,1,1,1,2,2,0,2.0,0.5,1.0,0.0556,0.0007
piccolo/utils/pydantic.py,funcao,_validate_pydantic_params,3,6,4,6,9,10,20.2647,31.6993,1.5,47.5489,2.6416,0.0106
piccolo/utils/pydantic.py,funcao,_get_value_type_for_column,1,1,1,1,2,2,0,2.0,0.5,1.0,0.0556,0.0007
piccolo/utils/pydantic.py,funcao,_build_extra_for_column,5,10,6,12,15,18,44.8289,70.324,3.0,210.9721,11.7207,0.0234
piccolo/utils/pydantic.py,funcao,_build_pydantic_config,1,2,1,2,3,3,2.0,4.7549,0.5,2.3774,0.1321,0.0016
piccolo/utils/pydantic.py,funcao,create_pydantic_model,3,5,3,5,8,8,16.3645,24.0,1.5,36.0,2.0,0.008
piccolo/utils/objects.py,funcao,make_nested_object,3,7,3,7,10,10,24.4064,33.2193,1.5,49.8289,2.7683,0.0111
piccolo/utils/printing.py,funcao,get_fixed_length_string,2,4,3,6,6,9,10.0,23.2647,1.5,34.897,1.9387,0.0078
piccolo/utils/printing.py,funcao,print_heading,1,2,1,2,3,3,2.0,4.7549,0.5,2.3774,0.1321,0.0016
piccolo/utils/printing.py,funcao,print_dict_table,3,6,3,6,9,9,20.2647,28.5293,1.5,42.794,2.3774,0.0095
piccolo/utils/dictionary.py,funcao,make_nested,3,3,4,5,6,9,9.5098,23.2647,2.5,58.1617,3.2312,0.0078
piccolo/utils/encoding.py,funcao,dump_json,1,2,1,2,3,3,2.0,4.7549,0.5,2.3774,0.1321,0.0016
piccolo/utils/encoding.py,funcao,load_json,0,0,0,0,0,0,0,0,0,0,0,0
piccolo/utils/lazy_loader.py,funcao,__init__,0,0,0,0,0,0,0,0,0,0,0,0
piccolo/utils/lazy_loader.py,funcao,_load,1,4,2,4,5,6,8.0,13.9316,0.5,6.9658,0.387,0.0046
piccolo/utils/lazy_loader.py,funcao,__getattr__,0,0,0,0,0,0,0,0,0,0,0,0
piccolo/utils/lazy_loader.py,funcao,__dir__,0,0,0,0,0,0,0,0,0,0,0,0
piccolo/utils/warnings.py,funcao,colored_string,1,4,2,4,5,6,8.0,13.9316,0.5,6.9658,0.387,0.0046
piccolo/utils/warnings.py,funcao,colored_warning,0,0,0,0,0,0,0,0,0,0,0,0
piccolo/conf/apps.py,funcao,forwards,0,0,0,0,0,0,0,0,0,0,0,0
piccolo/conf/apps.py,funcao,get_package,1,1,1,1,2,2,0,2.0,0.5,1.0,0.0556,0.0007
piccolo/conf/apps.py,funcao,table_finder,6,15,9,18,21,27,74.1131,118.5926,3.6,426.9333,23.7185,0.0395
piccolo/conf/apps.py,funcao,resolved_migrations_folder_path,0,0,0,0,0,0,0,0,0,0,0,0
piccolo/conf/apps.py,funcao,__post_init__,0,0,0,0,0,0,0,0,0,0,0,0
piccolo/conf/apps.py,funcao,register_table,0,0,0,0,0,0,0,0,0,0,0,0
piccolo/conf/apps.py,funcao,get_commands,0,0,0,0,0,0,0,0,0,0,0,0
piccolo/conf/apps.py,funcao,migration_dependency_app_configs,1,2,1,2,3,3,2.0,4.7549,0.5,2.3774,0.1321,0.0016
piccolo/conf/apps.py,funcao,get_table_with_name,0,0,0,0,0,0,0,0,0,0,0,0
piccolo/conf/apps.py,funcao,__init__,1,2,1,2,3,3,2.0,4.7549,0.5,2.3774,0.1321,0.0016
piccolo/conf/apps.py,funcao,_validate_app_names,1,2,1,2,3,3,2.0,4.7549,0.5,2.3774,0.1321,0.0016
piccolo/conf/apps.py,funcao,get_app_config,1,1,1,2,2,3,0,3.0,1.0,3.0,0.1667,0.001
piccolo/conf/apps.py,funcao,get_table_classes,2,3,2,4,5,6,6.7549,13.9316,1.3333,18.5754,1.032,0.0046
piccolo/conf/apps.py,funcao,_deduplicate,0,0,0,0,0,0,0,0,0,0,0,0
piccolo/conf/apps.py,funcao,_import_app_modules,1,2,1,2,3,3,2.0,4.7549,0.5,2.3774,0.1321,0.0016
piccolo/conf/apps.py,funcao,get_piccolo_conf_module,3,7,5,8,10,13,24.4064,43.1851,1.7143,74.0315,4.1129,0.0144
piccolo/conf/apps.py,funcao,get_piccolo_conf_path,1,2,1,2,3,3,2.0,4.7549,0.5,2.3774,0.1321,0.0016
piccolo/conf/apps.py,funcao,get_app_registry,0,0,0,0,0,0,0,0,0,0,0,0
piccolo/conf/apps.py,funcao,get_engine,1,2,2,2,3,4,2.0,6.3399,0.5,3.1699,0.1761,0.0021
piccolo/conf/apps.py,funcao,get_app_modules,0,0,0,0,0,0,0,0,0,0,0,0
piccolo/conf/apps.py,funcao,get_app_names,0,0,0,0,0,0,0,0,0,0,0,0
piccolo/conf/apps.py,funcao,get_sorted_app_names,0,0,0,0,0,0,0,0,0,0,0,0
piccolo/conf/apps.py,funcao,sort_app_configs,0,0,0,0,0,0,0,0,0,0,0,0
piccolo/conf/apps.py,funcao,get_app_configs,0,0,0,0,0,0,0,0,0,0,0,0
piccolo/conf/apps.py,funcao,_modify_app_registry_src,4,9,5,9,13,14,36.5293,51.8062,2.0,103.6123,5.7562,0.0173
piccolo/conf/apps.py,funcao,register_app,0,0,0,0,0,0,0,0,0,0,0,0
piccolo/engine/finder.py,funcao,engine_finder,0,0,0,0,0,0,0,0,0,0,0,0
piccolo/engine/base.py,funcao,validate_savepoint_name,2,3,2,3,5,5,6.7549,11.6096,1.0,11.6096,0.645,0.0039
piccolo/engine/base.py,funcao,__aenter__,0,0,0,0,0,0,0,0,0,0,0,0
piccolo/engine/base.py,funcao,__aexit__,0,0,0,0,0,0,0,0,0,0,0,0
piccolo/engine/base.py,funcao,__aiter__,0,0,0,0,0,0,0,0,0,0,0,0
piccolo/engine/base.py,funcao,__anext__,0,0,0,0,0,0,0,0,0,0,0,0
piccolo/engine/base.py,funcao,add,0,0,0,0,0,0,0,0,0,0,0,0
piccolo/engine/base.py,funcao,run,0,0,0,0,0,0,0,0,0,0,0,0
piccolo/engine/base.py,funcao,run_sync,0,0,0,0,0,0,0,0,0,0,0,0
piccolo/engine/base.py,funcao,__await__,0,0,0,0,0,0,0,0,0,0,0,0
piccolo/engine/base.py,funcao,__init__,0,0,0,0,0,0,0,0,0,0,0,0
piccolo/engine/base.py,funcao,get_version,0,0,0,0,0,0,0,0,0,0,0,0
piccolo/engine/base.py,funcao,get_version_sync,0,0,0,0,0,0,0,0,0,0,0,0
piccolo/engine/base.py,funcao,prep_database,0,0,0,0,0,0,0,0,0,0,0,0
piccolo/engine/base.py,funcao,batch,0,0,0,0,0,0,0,0,0,0,0,0
piccolo/engine/base.py,funcao,run_querystring,0,0,0,0,0,0,0,0,0,0,0,0
piccolo/engine/base.py,funcao,transform_response_to_dicts,0,0,0,0,0,0,0,0,0,0,0,0
piccolo/engine/base.py,funcao,run_ddl,0,0,0,0,0,0,0,0,0,0,0,0
piccolo/engine/base.py,funcao,transaction,0,0,0,0,0,0,0,0,0,0,0,0
piccolo/engine/base.py,funcao,atomic,0,0,0,0,0,0,0,0,0,0,0,0
piccolo/engine/base.py,funcao,check_version,2,3,2,4,5,6,6.7549,13.9316,1.3333,18.5754,1.032,0.0046
piccolo/engine/base.py,funcao,_connection_pool_warning,0,0,0,0,0,0,0,0,0,0,0,0
piccolo/engine/base.py,funcao,start_connection_pool,0,0,0,0,0,0,0,0,0,0,0,0
piccolo/engine/base.py,funcao,close_connection_pool,0,0,0,0,0,0,0,0,0,0,0,0
piccolo/engine/base.py,funcao,transaction_exists,1,2,1,2,3,3,2.0,4.7549,0.5,2.3774,0.1321,0.0016
piccolo/engine/base.py,funcao,get_query_id,1,2,1,2,3,3,2.0,4.7549,0.5,2.3774,0.1321,0.0016
piccolo/engine/base.py,funcao,print_query,0,0,0,0,0,0,0,0,0,0,0,0
piccolo/engine/base.py,funcao,print_response,0,0,0,0,0,0,0,0,0,0,0,0
piccolo/engine/postgres.py,funcao,cursor,1,1,1,1,2,2,0,2.0,0.5,1.0,0.0556,0.0007
piccolo/engine/postgres.py,funcao,transaction,0,0,0,0,0,0,0,0,0,0,0,0
piccolo/engine/postgres.py,funcao,next,0,0,0,0,0,0,0,0,0,0,0,0
piccolo/engine/postgres.py,funcao,__aiter__,0,0,0,0,0,0,0,0,0,0,0,0
piccolo/engine/postgres.py,funcao,__anext__,1,2,1,2,3,3,2.0,4.7549,0.5,2.3774,0.1321,0.0016
piccolo/engine/postgres.py,funcao,__aenter__,1,2,1,2,3,3,2.0,4.7549,0.5,2.3774,0.1321,0.0016
piccolo/engine/postgres.py,funcao,__aexit__,2,5,4,8,7,12,13.6096,33.6883,1.6,53.9012,2.9945,0.0112
piccolo/engine/postgres.py,funcao,__init__,1,2,1,2,3,3,2.0,4.7549,0.5,2.3774,0.1321,0.0016
piccolo/engine/postgres.py,funcao,add,1,2,1,2,3,3,2.0,4.7549,0.5,2.3774,0.1321,0.0016
piccolo/engine/postgres.py,funcao,setup_transaction,0,0,0,0,0,0,0,0,0,0,0,0
piccolo/engine/postgres.py,funcao,run,0,0,0,0,0,0,0,0,0,0,0,0
piccolo/engine/postgres.py,funcao,run_sync,0,0,0,0,0,0,0,0,0,0,0,0
piccolo/engine/postgres.py,funcao,__await__,0,0,0,0,0,0,0,0,0,0,0,0
piccolo/engine/postgres.py,funcao,rollback_to,0,0,0,0,0,0,0,0,0,0,0,0
piccolo/engine/postgres.py,funcao,release,0,0,0,0,0,0,0,0,0,0,0,0
piccolo/engine/postgres.py,funcao,get_connection,0,0,0,0,0,0,0,0,0,0,0,0
piccolo/engine/postgres.py,funcao,begin,0,0,0,0,0,0,0,0,0,0,0,0
piccolo/engine/postgres.py,funcao,commit,0,0,0,0,0,0,0,0,0,0,0,0
piccolo/engine/postgres.py,funcao,rollback,0,0,0,0,0,0,0,0,0,0,0,0
piccolo/engine/postgres.py,funcao,get_savepoint_id,1,2,1,2,3,3,2.0,4.7549,0.5,2.3774,0.1321,0.0016
piccolo/engine/postgres.py,funcao,savepoint,1,2,1,2,3,3,2.0,4.7549,0.5,2.3774,0.1321,0.0016
piccolo/engine/postgres.py,funcao,_parse_raw_version_string,0,0,0,0,0,0,0,0,0,0,0,0
piccolo/engine/postgres.py,funcao,get_version,0,0,0,0,0,0,0,0,0,0,0,0
piccolo/engine/postgres.py,funcao,get_version_sync,0,0,0,0,0,0,0,0,0,0,0,0
piccolo/engine/postgres.py,funcao,prep_database,0,0,0,0,0,0,0,0,0,0,0,0
piccolo/engine/postgres.py,funcao,start_connnection_pool,0,0,0,0,0,0,0,0,0,0,0,0
piccolo/engine/postgres.py,funcao,close_connnection_pool,0,0,0,0,0,0,0,0,0,0,0,0
piccolo/engine/postgres.py,funcao,start_connection_pool,0,0,0,0,0,0,0,0,0,0,0,0
piccolo/engine/postgres.py,funcao,close_connection_pool,0,0,0,0,0,0,0,0,0,0,0,0
piccolo/engine/postgres.py,funcao,get_new_connection,0,0,0,0,0,0,0,0,0,0,0,0
piccolo/engine/postgres.py,funcao,batch,0,0,0,0,0,0,0,0,0,0,0,0
piccolo/engine/postgres.py,funcao,_run_in_pool,2,3,2,3,5,5,6.7549,11.6096,1.0,11.6096,0.645,0.0039
piccolo/engine/postgres.py,funcao,_run_in_new_connection,1,2,1,2,3,3,2.0,4.7549,0.5,2.3774,0.1321,0.0016
piccolo/engine/postgres.py,funcao,run_querystring,1,2,1,2,3,3,2.0,4.7549,0.5,2.3774,0.1321,0.0016
piccolo/engine/postgres.py,funcao,run_ddl,1,2,1,2,3,3,2.0,4.7549,0.5,2.3774,0.1321,0.0016
piccolo/engine/postgres.py,funcao,transform_response_to_dicts,0,0,0,0,0,0,0,0,0,0,0,0
piccolo/engine/postgres.py,funcao,atomic,0,0,0,0,0,0,0,0,0,0,0,0
piccolo/engine/sqlite.py,funcao,convert_numeric_in,0,0,0,0,0,0,0,0,0,0,0,0
piccolo/engine/sqlite.py,funcao,convert_uuid_in,0,0,0,0,0,0,0,0,0,0,0,0
piccolo/engine/sqlite.py,funcao,convert_time_in,0,0,0,0,0,0,0,0,0,0,0,0
piccolo/engine/sqlite.py,funcao,convert_date_in,0,0,0,0,0,0,0,0,0,0,0,0
piccolo/engine/sqlite.py,funcao,convert_datetime_in,1,2,1,2,3,3,2.0,4.7549,0.5,2.3774,0.1321,0.0016
piccolo/engine/sqlite.py,funcao,convert_timedelta_in,0,0,0,0,0,0,0,0,0,0,0,0
piccolo/engine/sqlite.py,funcao,convert_array_in,2,4,2,4,6,6,10.0,15.5098,1.0,15.5098,0.8617,0.0052
piccolo/engine/sqlite.py,funcao,decode_to_string,0,0,0,0,0,0,0,0,0,0,0,0
piccolo/engine/sqlite.py,funcao,convert_numeric_out,0,0,0,0,0,0,0,0,0,0,0,0
piccolo/engine/sqlite.py,funcao,convert_int_out,0,0,0,0,0,0,0,0,0,0,0,0
piccolo/engine/sqlite.py,funcao,convert_uuid_out,0,0,0,0,0,0,0,0,0,0,0,0
piccolo/engine/sqlite.py,funcao,convert_date_out,0,0,0,0,0,0,0,0,0,0,0,0
piccolo/engine/sqlite.py,funcao,convert_time_out,0,0,0,0,0,0,0,0,0,0,0,0
piccolo/engine/sqlite.py,funcao,convert_seconds_out,0,0,0,0,0,0,0,0,0,0,0,0
piccolo/engine/sqlite.py,funcao,convert_boolean_out,1,2,1,2,3,3,2.0,4.7549,0.5,2.3774,0.1321,0.0016
piccolo/engine/sqlite.py,funcao,convert_timestamp_out,0,0,0,0,0,0,0,0,0,0,0,0
piccolo/engine/sqlite.py,funcao,convert_timestamptz_out,0,0,0,0,0,0,0,0,0,0,0,0
piccolo/engine/sqlite.py,funcao,convert_array_out,0,0,0,0,0,0,0,0,0,0,0,0
piccolo/engine/sqlite.py,funcao,convert_complex_array_out,0,0,0,0,0,0,0,0,0,0,0,0
piccolo/engine/sqlite.py,funcao,convert_M2M_out,0,0,0,0,0,0,0,0,0,0,0,0
piccolo/engine/sqlite.py,funcao,cursor,1,1,1,1,2,2,0,2.0,0.5,1.0,0.0556,0.0007
piccolo/engine/sqlite.py,funcao,next,0,0,0,0,0,0,0,0,0,0,0,0
piccolo/engine/sqlite.py,funcao,__aiter__,0,0,0,0,0,0,0,0,0,0,0,0
piccolo/engine/sqlite.py,funcao,__anext__,1,2,1,2,3,3,2.0,4.7549,0.5,2.3774,0.1321,0.0016
piccolo/engine/sqlite.py,funcao,__aenter__,1,2,1,2,3,3,2.0,4.7549,0.5,2.3774,0.1321,0.0016
piccolo/engine/sqlite.py,funcao,__aexit__,2,5,4,8,7,12,13.6096,33.6883,1.6,53.9012,2.9945,0.0112
piccolo/engine/sqlite.py,funcao,__init__,1,2,1,2,3,3,2.0,4.7549,0.5,2.3774,0.1321,0.0016
piccolo/engine/sqlite.py,funcao,add,1,2,1,2,3,3,2.0,4.7549,0.5,2.3774,0.1321,0.0016
piccolo/engine/sqlite.py,funcao,run,0,0,0,0,0,0,0,0,0,0,0,0
piccolo/engine/sqlite.py,funcao,run_sync,0,0,0,0,0,0,0,0,0,0,0,0
piccolo/engine/sqlite.py,funcao,__await__,0,0,0,0,0,0,0,0,0,0,0,0
piccolo/engine/sqlite.py,funcao,rollback_to,0,0,0,0,0,0,0,0,0,0,0,0
piccolo/engine/sqlite.py,funcao,release,0,0,0,0,0,0,0,0,0,0,0,0
piccolo/engine/sqlite.py,funcao,get_connection,0,0,0,0,0,0,0,0,0,0,0,0
piccolo/engine/sqlite.py,funcao,begin,0,0,0,0,0,0,0,0,0,0,0,0
piccolo/engine/sqlite.py,funcao,commit,0,0,0,0,0,0,0,0,0,0,0,0
piccolo/engine/sqlite.py,funcao,rollback,0,0,0,0,0,0,0,0,0,0,0,0
piccolo/engine/sqlite.py,funcao,get_savepoint_id,1,2,1,2,3,3,2.0,4.7549,0.5,2.3774,0.1321,0.0016
piccolo/engine/sqlite.py,funcao,savepoint,1,2,1,2,3,3,2.0,4.7549,0.5,2.3774,0.1321,0.0016
piccolo/engine/sqlite.py,funcao,dict_factory,0,0,0,0,0,0,0,0,0,0,0,0
piccolo/engine/sqlite.py,funcao,path,0,0,0,0,0,0,0,0,0,0,0,0
piccolo/engine/sqlite.py,funcao,get_version,0,0,0,0,0,0,0,0,0,0,0,0
piccolo/engine/sqlite.py,funcao,get_version_sync,0,0,0,0,0,0,0,0,0,0,0,0
piccolo/engine/sqlite.py,funcao,prep_database,0,0,0,0,0,0,0,0,0,0,0,0
piccolo/engine/sqlite.py,funcao,remove_db_file,0,0,0,0,0,0,0,0,0,0,0,0
piccolo/engine/sqlite.py,funcao,create_db_file,0,0,0,0,0,0,0,0,0,0,0,0
piccolo/engine/sqlite.py,funcao,batch,0,0,0,0,0,0,0,0,0,0,0,0
piccolo/engine/sqlite.py,funcao,_get_inserted_pk,0,0,0,0,0,0,0,0,0,0,0,0
piccolo/engine/sqlite.py,funcao,_run_in_new_connection,5,9,5,10,14,15,40.139,57.1103,2.7778,158.6398,8.8133,0.019
piccolo/engine/sqlite.py,funcao,_run_in_existing_connection,5,9,5,10,14,15,40.139,57.1103,2.7778,158.6398,8.8133,0.019
piccolo/engine/sqlite.py,funcao,run_querystring,0,0,0,0,0,0,0,0,0,0,0,0
piccolo/engine/sqlite.py,funcao,run_ddl,0,0,0,0,0,0,0,0,0,0,0,0
piccolo/engine/sqlite.py,funcao,atomic,0,0,0,0,0,0,0,0,0,0,0,0
piccolo/engine/sqlite.py,funcao,transaction,0,0,0,0,0,0,0,0,0,0,0,0
piccolo/engine/cockroach.py,funcao,__init__,0,0,0,0,0,0,0,0,0,0,0,0
piccolo/engine/cockroach.py,funcao,setup_transaction,1,2,1,2,3,3,2.0,4.7549,0.5,2.3774,0.1321,0.0016
piccolo/engine/cockroach.py,funcao,autocommit_before_ddl,0,0,0,0,0,0,0,0,0,0,0,0
piccolo/engine/cockroach.py,funcao,atomic,0,0,0,0,0,0,0,0,0,0,0,0
piccolo/engine/cockroach.py,funcao,transaction,0,0,0,0,0,0,0,0,0,0,0,0
piccolo/apps/tester/commands/run.py,funcao,__init__,0,0,0,0,0,0,0,0,0,0,0,0
piccolo/apps/tester/commands/run.py,funcao,set_var,0,0,0,0,0,0,0,0,0,0,0,0
piccolo/apps/tester/commands/run.py,funcao,get_var,0,0,0,0,0,0,0,0,0,0,0,0
piccolo/apps/tester/commands/run.py,funcao,__enter__,0,0,0,0,0,0,0,0,0,0,0,0
piccolo/apps/tester/commands/run.py,funcao,__exit__,1,2,1,2,3,3,2.0,4.7549,0.5,2.3774,0.1321,0.0016
piccolo/apps/tester/commands/run.py,funcao,run_pytest,0,0,0,0,0,0,0,0,0,0,0,0
piccolo/apps/tester/commands/run.py,funcao,refresh_db,0,0,0,0,0,0,0,0,0,0,0,0
piccolo/apps/tester/commands/run.py,funcao,run,0,0,0,0,0,0,0,0,0,0,0,0
piccolo/apps/shell/commands/run.py,funcao,start_ipython_shell,2,3,2,3,5,5,6.7549,11.6096,1.0,11.6096,0.645,0.0039
piccolo/apps/shell/commands/run.py,funcao,run,0,0,0,0,0,0,0,0,0,0,0,0
piccolo/apps/playground/commands/run.py,funcao,get_readable,0,0,0,0,0,0,0,0,0,0,0,0
piccolo/apps/playground/commands/run.py,funcao,populate,1,2,1,2,3,3,2.0,4.7549,0.5,2.3774,0.1321,0.0016
piccolo/apps/playground/commands/run.py,funcao,run,2,12,8,16,14,24,45.0196,91.3765,1.3333,121.8354,6.7686,0.0305
piccolo/apps/asgi/commands/new.py,funcao,print_instruction,0,0,0,0,0,0,0,0,0,0,0,0
piccolo/apps/asgi/commands/new.py,funcao,get_options_string,0,0,0,0,0,0,0,0,0,0,0,0
piccolo/apps/asgi/commands/new.py,funcao,get_routing_framework,1,2,1,2,3,3,2.0,4.7549,0.5,2.3774,0.1321,0.0016
piccolo/apps/asgi/commands/new.py,funcao,get_server,1,2,1,2,3,3,2.0,4.7549,0.5,2.3774,0.1321,0.0016
piccolo/apps/asgi/commands/new.py,funcao,_process_directory,1,1,1,1,2,2,0,2.0,0.5,1.0,0.0556,0.0007
piccolo/apps/asgi/commands/new.py,funcao,_process_file,3,6,3,6,9,9,20.2647,28.5293,1.5,42.794,2.3774,0.0095
piccolo/apps/asgi/commands/new.py,funcao,new,3,4,4,5,7,9,12.7549,25.2662,1.875,47.3741,2.6319,0.0084
piccolo/apps/schema/commands/graph.py,funcao,render_template,0,0,0,0,0,0,0,0,0,0,0,0
piccolo/apps/schema/commands/graph.py,funcao,graph,3,6,3,6,9,9,20.2647,28.5293,1.5,42.794,2.3774,0.0095
piccolo/apps/schema/commands/generate.py,funcao,__post_init__,2,4,2,4,6,6,10.0,15.5098,1.0,15.5098,0.8617,0.0052
piccolo/apps/schema/commands/generate.py,funcao,numeric_precision,0,0,0,0,0,0,0,0,0,0,0,0
piccolo/apps/schema/commands/generate.py,funcao,numeric_scale,0,0,0,0,0,0,0,0,0,0,0,0
piccolo/apps/schema/commands/generate.py,funcao,numeric_precision_radix,0,0,0,0,0,0,0,0,0,0,0,0
piccolo/apps/schema/commands/generate.py,funcao,get_column_name_str,1,2,1,2,3,3,2.0,4.7549,0.5,2.3774,0.1321,0.0016
piccolo/apps/schema/commands/generate.py,funcao,is_primary_key,1,1,1,2,2,3,0,3.0,1.0,3.0,0.1667,0.001
piccolo/apps/schema/commands/generate.py,funcao,is_unique,1,1,1,2,2,3,0,3.0,1.0,3.0,0.1667,0.001
piccolo/apps/schema/commands/generate.py,funcao,is_foreign_key,1,1,1,2,2,3,0,3.0,1.0,3.0,0.1667,0.001
piccolo/apps/schema/commands/generate.py,funcao,get_foreign_key_constraint_name,2,3,2,4,5,6,6.7549,13.9316,1.3333,18.5754,1.032,0.0046
piccolo/apps/schema/commands/generate.py,funcao,get_column_triggers,1,1,1,2,2,3,0,3.0,1.0,3.0,0.1667,0.001
piccolo/apps/schema/commands/generate.py,funcao,get_column_ref_trigger,2,4,3,6,6,9,10.0,23.2647,1.5,34.897,1.9387,0.0078
piccolo/apps/schema/commands/generate.py,funcao,get_column_index,1,1,1,2,2,3,0,3.0,1.0,3.0,0.1667,0.001
piccolo/apps/schema/commands/generate.py,funcao,get_warnings,0,0,0,0,0,0,0,0,0,0,0,0
piccolo/apps/schema/commands/generate.py,funcao,get_table_with_name,1,2,1,2,3,3,2.0,4.7549,0.5,2.3774,0.1321,0.0016
piccolo/apps/schema/commands/generate.py,funcao,__radd__,0,0,0,0,0,0,0,0,0,0,0,0
piccolo/apps/schema/commands/generate.py,funcao,__add__,0,0,0,0,0,0,0,0,0,0,0,0
piccolo/apps/schema/commands/generate.py,funcao,_handle_boolean,1,2,1,2,3,3,2.0,4.7549,0.5,2.3774,0.1321,0.0016
piccolo/apps/schema/commands/generate.py,funcao,_handle_interval,0,0,0,0,0,0,0,0,0,0,0,0
piccolo/apps/schema/commands/generate.py,funcao,_handle_json,0,0,0,0,0,0,0,0,0,0,0,0
piccolo/apps/schema/commands/generate.py,funcao,_handle_uuid,0,0,0,0,0,0,0,0,0,0,0,0
piccolo/apps/schema/commands/generate.py,funcao,_handle_date,1,2,1,2,3,3,2.0,4.7549,0.5,2.3774,0.1321,0.0016
piccolo/apps/schema/commands/generate.py,funcao,_handle_bytea,0,0,0,0,0,0,0,0,0,0,0,0
piccolo/apps/schema/commands/generate.py,funcao,_handle_timestamp,1,2,1,2,3,3,2.0,4.7549,0.5,2.3774,0.1321,0.0016
piccolo/apps/schema/commands/generate.py,funcao,_handle_timestamptz,1,2,1,2,3,3,2.0,4.7549,0.5,2.3774,0.1321,0.0016
piccolo/apps/schema/commands/generate.py,funcao,get_column_default,3,6,4,8,9,12,20.2647,38.0391,2.0,76.0782,4.2266,0.0127
piccolo/apps/schema/commands/generate.py,funcao,get_indexes,0,0,0,0,0,0,0,0,0,0,0,0
piccolo/apps/schema/commands/generate.py,funcao,get_fk_triggers,0,0,0,0,0,0,0,0,0,0,0,0
piccolo/apps/schema/commands/generate.py,funcao,get_constraints,0,0,0,0,0,0,0,0,0,0,0,0
piccolo/apps/schema/commands/generate.py,funcao,get_tablenames,0,0,0,0,0,0,0,0,0,0,0,0
piccolo/apps/schema/commands/generate.py,funcao,get_table_schema,0,0,0,0,0,0,0,0,0,0,0,0
piccolo/apps/schema/commands/generate.py,funcao,get_foreign_key_reference,1,2,1,2,3,3,2.0,4.7549,0.5,2.3774,0.1321,0.0016
piccolo/apps/schema/commands/generate.py,funcao,_get_column_type,1,2,1,2,3,3,2.0,4.7549,0.5,2.3774,0.1321,0.0016
piccolo/apps/schema/commands/generate.py,funcao,_apply_primary_key_override,1,3,2,4,4,6,4.7549,12.0,0.6667,8.0,0.4444,0.004
piccolo/apps/schema/commands/generate.py,funcao,_apply_index_params,1,2,1,2,3,3,2.0,4.7549,0.5,2.3774,0.1321,0.0016
piccolo/apps/schema/commands/generate.py,funcao,_apply_type_specific_params,1,2,1,2,3,3,2.0,4.7549,0.5,2.3774,0.1321,0.0016
piccolo/apps/schema/commands/generate.py,funcao,_resolve_foreign_key,2,4,2,4,6,6,10.0,15.5098,1.0,15.5098,0.8617,0.0052
piccolo/apps/schema/commands/generate.py,funcao,create_table_class_from_db,3,5,3,5,8,8,16.3645,24.0,1.5,36.0,2.0,0.008
piccolo/apps/schema/commands/generate.py,funcao,_process_foreign_key_column,2,4,2,4,6,6,10.0,15.5098,1.0,15.5098,0.8617,0.0052
piccolo/apps/schema/commands/generate.py,funcao,_process_column_type_kwargs,1,2,1,2,3,3,2.0,4.7549,0.5,2.3774,0.1321,0.0016
piccolo/apps/schema/commands/generate.py,funcao,get_output_schema,3,6,6,10,9,16,20.2647,50.7188,2.5,126.797,7.0443,0.0169
piccolo/apps/schema/commands/generate.py,funcao,generate,1,2,1,2,3,3,2.0,4.7549,0.5,2.3774,0.1321,0.0016
piccolo/apps/migrations/tables.py,funcao,get_migrations_which_ran,2,2,2,4,4,6,4.0,12.0,2.0,24.0,1.3333,0.004
piccolo/apps/migrations/commands/new.py,funcao,render_template,0,0,0,0,0,0,0,0,0,0,0,0
piccolo/apps/migrations/commands/new.py,funcao,_create_migrations_folder,0,0,0,0,0,0,0,0,0,0,0,0
piccolo/apps/migrations/commands/new.py,funcao,now,0,0,0,0,0,0,0,0,0,0,0,0
piccolo/apps/migrations/commands/new.py,funcao,_generate_migration_meta,1,2,1,2,3,3,2.0,4.7549,0.5,2.3774,0.1321,0.0016
piccolo/apps/migrations/commands/new.py,funcao,_create_new_migration,1,2,1,2,3,3,2.0,4.7549,0.5,2.3774,0.1321,0.0016
piccolo/apps/migrations/commands/new.py,funcao,__init__,0,0,0,0,0,0,0,0,0,0,0,0
piccolo/apps/migrations/commands/new.py,funcao,get_alter_statements,0,0,0,0,0,0,0,0,0,0,0,0
piccolo/apps/migrations/commands/new.py,funcao,new,3,6,5,9,9,14,20.2647,44.379,2.25,99.8526,5.5474,0.0148
piccolo/apps/migrations/commands/base.py,funcao,create_migration_table,1,1,1,1,2,2,0,2.0,0.5,1.0,0.0556,0.0007
piccolo/apps/migrations/commands/base.py,funcao,get_migration_modules,2,4,2,4,6,6,10.0,15.5098,1.0,15.5098,0.8617,0.0052
piccolo/apps/migrations/commands/base.py,funcao,get_migration_ids,0,0,0,0,0,0,0,0,0,0,0,0
piccolo/apps/migrations/commands/base.py,funcao,get_migration_managers,4,5,4,8,9,12,19.6096,38.0391,3.2,121.7251,6.7625,0.0127
piccolo/apps/migrations/commands/base.py,funcao,get_table_from_snapshot,0,0,0,0,0,0,0,0,0,0,0,0
piccolo/apps/migrations/commands/backwards.py,funcao,__init__,0,0,0,0,0,0,0,0,0,0,0,0
piccolo/apps/migrations/commands/backwards.py,funcao,run_migrations_backwards,7,16,12,21,23,33,83.6515,149.2775,4.5938,685.7437,38.0969,0.0498
piccolo/apps/migrations/commands/backwards.py,funcao,run,0,0,0,0,0,0,0,0,0,0,0,0
piccolo/apps/migrations/commands/backwards.py,funcao,run_backwards,2,4,2,4,6,6,10.0,15.5098,1.0,15.5098,0.8617,0.0052
piccolo/apps/migrations/commands/backwards.py,funcao,backwards,1,1,1,1,2,2,0,2.0,0.5,1.0,0.0556,0.0007
piccolo/apps/migrations/commands/clean.py,funcao,__init__,0,0,0,0,0,0,0,0,0,0,0,0
piccolo/apps/migrations/commands/clean.py,funcao,get_migration_ids_to_remove,2,3,2,4,5,6,6.7549,13.9316,1.3333,18.5754,1.032,0.0046
piccolo/apps/migrations/commands/clean.py,funcao,run,1,2,1,2,3,3,2.0,4.7549,0.5,2.3774,0.1321,0.0016
piccolo/apps/migrations/commands/clean.py,funcao,clean,0,0,0,0,0,0,0,0,0,0,0,0
piccolo/apps/migrations/commands/forwards.py,funcao,__init__,0,0,0,0,0,0,0,0,0,0,0,0
piccolo/apps/migrations/commands/forwards.py,funcao,_get_migration_subset,2,5,3,6,7,9,13.6096,25.2662,1.2,30.3194,1.6844,0.0084
piccolo/apps/migrations/commands/forwards.py,funcao,_run_single_migration,2,2,2,3,4,5,4.0,10.0,1.5,15.0,0.8333,0.0033
piccolo/apps/migrations/commands/forwards.py,funcao,run_migrations,4,7,6,11,11,17,27.6515,58.8103,3.1429,184.8325,10.2685,0.0196
piccolo/apps/migrations/commands/forwards.py,funcao,run,0,0,0,0,0,0,0,0,0,0,0,0
piccolo/apps/migrations/commands/forwards.py,funcao,run_forwards,2,3,2,3,5,5,6.7549,11.6096,1.0,11.6096,0.645,0.0039
piccolo/apps/migrations/commands/forwards.py,funcao,forwards,1,1,1,1,2,2,0,2.0,0.5,1.0,0.0556,0.0007
piccolo/apps/migrations/commands/check.py,funcao,__init__,0,0,0,0,0,0,0,0,0,0,0,0
piccolo/apps/migrations/commands/check.py,funcao,get_migration_statuses,3,6,4,8,9,12,20.2647,38.0391,2.0,76.0782,4.2266,0.0127
piccolo/apps/migrations/commands/check.py,funcao,have_ran_count,0,0,0,0,0,0,0,0,0,0,0,0
piccolo/apps/migrations/commands/check.py,funcao,havent_ran_count,1,1,1,1,2,2,0,2.0,0.5,1.0,0.0556,0.0007
piccolo/apps/migrations/commands/check.py,funcao,run,0,0,0,0,0,0,0,0,0,0,0,0
piccolo/apps/migrations/commands/check.py,funcao,check,0,0,0,0,0,0,0,0,0,0,0,0
piccolo/apps/migrations/auto/schema_differ.py,funcao,append,0,0,0,0,0,0,0,0,0,0,0,0
piccolo/apps/migrations/auto/schema_differ.py,funcao,old_class_names,0,0,0,0,0,0,0,0,0,0,0,0
piccolo/apps/migrations/auto/schema_differ.py,funcao,new_class_names,0,0,0,0,0,0,0,0,0,0,0,0
piccolo/apps/migrations/auto/schema_differ.py,funcao,was_renamed_from,1,1,1,2,2,3,0,3.0,1.0,3.0,0.1667,0.001
piccolo/apps/migrations/auto/schema_differ.py,funcao,renamed_from,1,1,1,2,2,3,0,3.0,1.0,3.0,0.1667,0.001
piccolo/apps/migrations/auto/schema_differ.py,funcao,for_table_class_name,1,1,1,2,2,3,0,3.0,1.0,3.0,0.1667,0.001
piccolo/apps/migrations/auto/schema_differ.py,funcao,old_column_names,0,0,0,0,0,0,0,0,0,0,0,0
piccolo/apps/migrations/auto/schema_differ.py,funcao,new_column_names,0,0,0,0,0,0,0,0,0,0,0,0
piccolo/apps/migrations/auto/schema_differ.py,funcao,extend,0,0,0,0,0,0,0,0,0,0,0,0
piccolo/apps/migrations/auto/schema_differ.py,funcao,__post_init__,0,0,0,0,0,0,0,0,0,0,0,0
piccolo/apps/migrations/auto/schema_differ.py,funcao,check_rename_tables,6,16,10,20,22,30,79.5098,133.7829,3.75,501.6861,27.8714,0.0446
piccolo/apps/migrations/auto/schema_differ.py,funcao,check_table_schema_changes,2,2,2,3,4,5,4.0,10.0,1.5,15.0,0.8333,0.0033
piccolo/apps/migrations/auto/schema_differ.py,funcao,check_renamed_columns,6,12,8,13,18,21,58.5293,87.5684,3.25,284.5974,15.811,0.0292
piccolo/apps/migrations/auto/schema_differ.py,funcao,_stringify_func,2,5,3,6,7,9,13.6096,25.2662,1.2,30.3194,1.6844,0.0084
piccolo/apps/migrations/auto/schema_differ.py,funcao,create_tables,2,4,2,4,6,6,10.0,15.5098,1.0,15.5098,0.8617,0.0052
piccolo/apps/migrations/auto/schema_differ.py,funcao,drop_tables,2,4,2,4,6,6,10.0,15.5098,1.0,15.5098,0.8617,0.0052
piccolo/apps/migrations/auto/schema_differ.py,funcao,rename_tables,0,0,0,0,0,0,0,0,0,0,0,0
piccolo/apps/migrations/auto/schema_differ.py,funcao,change_table_schemas,0,0,0,0,0,0,0,0,0,0,0,0
piccolo/apps/migrations/auto/schema_differ.py,funcao,_get_snapshot_table,1,2,1,2,3,3,2.0,4.7549,0.5,2.3774,0.1321,0.0016
piccolo/apps/migrations/auto/schema_differ.py,funcao,alter_columns,3,6,4,8,9,12,20.2647,38.0391,2.0,76.0782,4.2266,0.0127
piccolo/apps/migrations/auto/schema_differ.py,funcao,drop_columns,3,6,3,6,9,9,20.2647,28.5293,1.5,42.794,2.3774,0.0095
piccolo/apps/migrations/auto/schema_differ.py,funcao,add_columns,3,6,3,6,9,9,20.2647,28.5293,1.5,42.794,2.3774,0.0095
piccolo/apps/migrations/auto/schema_differ.py,funcao,rename_columns,0,0,0,0,0,0,0,0,0,0,0,0
piccolo/apps/migrations/auto/schema_differ.py,funcao,new_table_columns,3,6,3,6,9,9,20.2647,28.5293,1.5,42.794,2.3774,0.0095
piccolo/apps/migrations/auto/schema_differ.py,funcao,get_alter_statements,0,0,0,0,0,0,0,0,0,0,0,0
piccolo/apps/migrations/auto/diffable_table.py,funcao,compare_dicts,4,8,4,9,12,13,32.0,46.6045,2.25,104.8602,5.8256,0.0155
piccolo/apps/migrations/auto/diffable_table.py,funcao,__eq__,3,5,4,7,8,11,16.3645,33.0,2.1,69.3,3.85,0.011
piccolo/apps/migrations/auto/diffable_table.py,funcao,__hash__,1,2,1,2,3,3,2.0,4.7549,0.5,2.3774,0.1321,0.0016
piccolo/apps/migrations/auto/diffable_table.py,funcao,__post_init__,0,0,0,0,0,0,0,0,0,0,0,0
piccolo/apps/migrations/auto/diffable_table.py,funcao,__sub__,4,10,7,12,14,19,41.2193,72.3397,2.4,173.6154,9.6453,0.0241
piccolo/apps/migrations/auto/diffable_table.py,funcao,__str__,0,0,0,0,0,0,0,0,0,0,0,0
piccolo/apps/migrations/auto/diffable_table.py,funcao,to_table_class,0,0,0,0,0,0,0,0,0,0,0,0
piccolo/apps/migrations/auto/schema_snapshot.py,funcao,get_table_from_snapshot,2,3,2,3,5,5,6.7549,11.6096,1.0,11.6096,0.645,0.0039
piccolo/apps/migrations/auto/schema_snapshot.py,funcao,get_snapshot,0,0,0,0,0,0,0,0,0,0,0,0
piccolo/apps/migrations/auto/schema_snapshot.py,funcao,_apply_add_tables,0,0,0,0,0,0,0,0,0,0,0,0
piccolo/apps/migrations/auto/schema_snapshot.py,funcao,_apply_drop_tables,1,1,1,2,2,3,0,3.0,1.0,3.0,0.1667,0.001
piccolo/apps/migrations/auto/schema_snapshot.py,funcao,_apply_rename_tables,1,2,1,2,3,3,2.0,4.7549,0.5,2.3774,0.1321,0.0016
piccolo/apps/migrations/auto/schema_snapshot.py,funcao,_apply_change_table_schemas,1,1,1,2,2,3,0,3.0,1.0,3.0,0.1667,0.001
piccolo/apps/migrations/auto/schema_snapshot.py,funcao,_apply_add_columns,0,0,0,0,0,0,0,0,0,0,0,0
piccolo/apps/migrations/auto/schema_snapshot.py,funcao,_apply_drop_columns,1,2,1,2,3,3,2.0,4.7549,0.5,2.3774,0.1321,0.0016
piccolo/apps/migrations/auto/schema_snapshot.py,funcao,_apply_alter_columns,4,6,4,8,10,12,23.5098,39.8631,2.6667,106.3017,5.9056,0.0133
piccolo/apps/migrations/auto/schema_snapshot.py,funcao,_apply_rename_columns,1,2,1,2,3,3,2.0,4.7549,0.5,2.3774,0.1321,0.0016
piccolo/apps/migrations/auto/serialisation_legacy.py,funcao,deserialise_legacy_params,2,14,9,18,16,27,55.303,108.0,1.2857,138.8571,7.7143,0.036
piccolo/apps/migrations/auto/serialisation.py,funcao,warn_if_is_conflicting_with_global_name,0,0,0,0,0,0,0,0,0,0,0,0
piccolo/apps/migrations/auto/serialisation.py,funcao,__new__,0,0,0,0,0,0,0,0,0,0,0,0
piccolo/apps/migrations/auto/serialisation.py,funcao,get_unique_class_attribute_values,2,4,2,4,6,6,10.0,15.5098,1.0,15.5098,0.8617,0.0052
piccolo/apps/migrations/auto/serialisation.py,funcao,merge_class_attributes,1,2,1,2,3,3,2.0,4.7549,0.5,2.3774,0.1321,0.0016
piccolo/apps/migrations/auto/serialisation.py,funcao,get_column_class_attributes,2,4,2,4,6,6,10.0,15.5098,1.0,15.5098,0.8617,0.0052
piccolo/apps/migrations/auto/serialisation.py,funcao,warn_if_is_conflicting_name,0,0,0,0,0,0,0,0,0,0,0,0
piccolo/apps/migrations/auto/serialisation.py,funcao,is_conflicting_name,1,2,1,2,3,3,2.0,4.7549,0.5,2.3774,0.1321,0.0016
piccolo/apps/migrations/auto/serialisation.py,funcao,warn_if_are_conflicting_objects,0,0,0,0,0,0,0,0,0,0,0,0
piccolo/apps/migrations/auto/serialisation.py,funcao,__post_init__,3,5,3,5,8,8,16.3645,24.0,1.5,36.0,2.0,0.008
piccolo/apps/migrations/auto/serialisation.py,funcao,__repr__,1,2,1,2,3,3,2.0,4.7549,0.5,2.3774,0.1321,0.0016
piccolo/apps/migrations/auto/serialisation.py,funcao,__hash__,0,0,0,0,0,0,0,0,0,0,0,0
piccolo/apps/migrations/auto/serialisation.py,funcao,__lt__,1,2,1,2,3,3,2.0,4.7549,0.5,2.3774,0.1321,0.0016
piccolo/apps/migrations/auto/serialisation.py,funcao,__le__,1,2,1,2,3,3,2.0,4.7549,0.5,2.3774,0.1321,0.0016
piccolo/apps/migrations/auto/serialisation.py,funcao,__gt__,1,2,1,2,3,3,2.0,4.7549,0.5,2.3774,0.1321,0.0016
piccolo/apps/migrations/auto/serialisation.py,funcao,__ge__,1,2,1,2,3,3,2.0,4.7549,0.5,2.3774,0.1321,0.0016
piccolo/apps/migrations/auto/serialisation.py,funcao,check_equality,2,4,2,4,6,6,10.0,15.5098,1.0,15.5098,0.8617,0.0052
piccolo/apps/migrations/auto/serialisation.py,funcao,__eq__,0,0,0,0,0,0,0,0,0,0,0,0
piccolo/apps/migrations/auto/serialisation.py,funcao,table_class_name,0,0,0,0,0,0,0,0,0,0,0,0
piccolo/apps/migrations/auto/serialisation.py,funcao,_handle_builtin,1,2,1,2,3,3,2.0,4.7549,0.5,2.3774,0.1321,0.0016
piccolo/apps/migrations/auto/serialisation.py,funcao,_handle_column,1,2,1,2,3,3,2.0,4.7549,0.5,2.3774,0.1321,0.0016
piccolo/apps/migrations/auto/serialisation.py,funcao,_handle_default,0,0,0,0,0,0,0,0,0,0,0,0
piccolo/apps/migrations/auto/serialisation.py,funcao,_handle_datetime,0,0,0,0,0,0,0,0,0,0,0,0
piccolo/apps/migrations/auto/serialisation.py,funcao,_handle_uuid,0,0,0,0,0,0,0,0,0,0,0,0
piccolo/apps/migrations/auto/serialisation.py,funcao,_handle_decimal,0,0,0,0,0,0,0,0,0,0,0,0
piccolo/apps/migrations/auto/serialisation.py,funcao,_handle_enum_instance,0,0,0,0,0,0,0,0,0,0,0,0
piccolo/apps/migrations/auto/serialisation.py,funcao,_handle_enum_type,2,5,3,6,7,9,13.6096,25.2662,1.2,30.3194,1.6844,0.0084
piccolo/apps/migrations/auto/serialisation.py,funcao,_handle_function,1,2,1,2,3,3,2.0,4.7549,0.5,2.3774,0.1321,0.0016
piccolo/apps/migrations/auto/serialisation.py,funcao,_handle_lazy_table_ref,0,0,0,0,0,0,0,0,0,0,0,0
piccolo/apps/migrations/auto/serialisation.py,funcao,_handle_table_class,1,2,1,2,3,3,2.0,4.7549,0.5,2.3774,0.1321,0.0016
piccolo/apps/migrations/auto/serialisation.py,funcao,_handle_plain_class,2,3,2,3,5,5,6.7549,11.6096,1.0,11.6096,0.645,0.0039
piccolo/apps/migrations/auto/serialisation.py,funcao,serialise_params,1,2,1,2,3,3,2.0,4.7549,0.5,2.3774,0.1321,0.0016
piccolo/apps/migrations/auto/serialisation.py,funcao,deserialise_params,3,5,3,5,8,8,16.3645,24.0,1.5,36.0,2.0,0.008
piccolo/apps/migrations/auto/migration_manager.py,funcao,append,0,0,0,0,0,0,0,0,0,0,0,0
piccolo/apps/migrations/auto/migration_manager.py,funcao,for_table_class_name,1,2,1,2,3,3,2.0,4.7549,0.5,2.3774,0.1321,0.0016
piccolo/apps/migrations/auto/migration_manager.py,funcao,columns_for_table_class_name,1,1,1,2,2,3,0,3.0,1.0,3.0,0.1667,0.001
piccolo/apps/migrations/auto/migration_manager.py,funcao,table_class_names,0,0,0,0,0,0,0,0,0,0,0,0
piccolo/apps/migrations/auto/migration_manager.py,funcao,__aenter__,0,0,0,0,0,0,0,0,0,0,0,0
piccolo/apps/migrations/auto/migration_manager.py,funcao,__aexit__,0,0,0,0,0,0,0,0,0,0,0,0
piccolo/apps/migrations/auto/migration_manager.py,funcao,__init__,1,3,2,4,4,6,4.7549,12.0,0.6667,8.0,0.4444,0.004
piccolo/apps/migrations/auto/migration_manager.py,funcao,add_table,1,1,1,1,2,2,0,2.0,0.5,1.0,0.0556,0.0007
piccolo/apps/migrations/auto/migration_manager.py,funcao,drop_table,0,0,0,0,0,0,0,0,0,0,0,0
piccolo/apps/migrations/auto/migration_manager.py,funcao,change_table_schema,0,0,0,0,0,0,0,0,0,0,0,0
piccolo/apps/migrations/auto/migration_manager.py,funcao,rename_table,0,0,0,0,0,0,0,0,0,0,0,0
piccolo/apps/migrations/auto/migration_manager.py,funcao,add_column,2,4,3,6,6,9,10.0,23.2647,1.5,34.897,1.9387,0.0078
piccolo/apps/migrations/auto/migration_manager.py,funcao,drop_column,1,2,1,2,3,3,2.0,4.7549,0.5,2.3774,0.1321,0.0016
piccolo/apps/migrations/auto/migration_manager.py,funcao,rename_column,1,4,2,4,5,6,8.0,13.9316,0.5,6.9658,0.387,0.0046
piccolo/apps/migrations/auto/migration_manager.py,funcao,alter_column,2,5,3,6,7,9,13.6096,25.2662,1.2,30.3194,1.6844,0.0084
piccolo/apps/migrations/auto/migration_manager.py,funcao,add_raw,0,0,0,0,0,0,0,0,0,0,0,0
piccolo/apps/migrations/auto/migration_manager.py,funcao,add_raw_backwards,0,0,0,0,0,0,0,0,0,0,0,0
piccolo/apps/migrations/auto/migration_manager.py,funcao,get_table_from_snapshot,1,3,2,4,4,6,4.7549,12.0,0.6667,8.0,0.4444,0.004
piccolo/apps/migrations/auto/migration_manager.py,funcao,_print_query,1,2,1,2,3,3,2.0,4.7549,0.5,2.3774,0.1321,0.0016
piccolo/apps/migrations/auto/migration_manager.py,funcao,_run_query,0,0,0,0,0,0,0,0,0,0,0,0
piccolo/apps/migrations/auto/migration_manager.py,funcao,_get_alter_params,0,0,0,0,0,0,0,0,0,0,0,0
piccolo/apps/migrations/auto/migration_manager.py,funcao,_get_alter_classes,0,0,0,0,0,0,0,0,0,0,0,0
piccolo/apps/migrations/auto/migration_manager.py,funcao,_run_alter_columns,1,1,1,1,2,2,0,2.0,0.5,1.0,0.0556,0.0007
piccolo/apps/migrations/auto/migration_manager.py,funcao,_run_alter_column_type,3,9,7,14,12,21,33.2842,75.2842,2.3333,175.6632,9.7591,0.0251
piccolo/apps/migrations/auto/migration_manager.py,funcao,_run_alter_fk_constraints,2,5,3,6,7,9,13.6096,25.2662,1.2,30.3194,1.6844,0.0084
piccolo/apps/migrations/auto/migration_manager.py,funcao,_run_alter_nullable,1,2,1,2,3,3,2.0,4.7549,0.5,2.3774,0.1321,0.0016
piccolo/apps/migrations/auto/migration_manager.py,funcao,_run_alter_length,1,2,1,2,3,3,2.0,4.7549,0.5,2.3774,0.1321,0.0016
piccolo/apps/migrations/auto/migration_manager.py,funcao,_run_alter_unique,1,2,1,2,3,3,2.0,4.7549,0.5,2.3774,0.1321,0.0016
piccolo/apps/migrations/auto/migration_manager.py,funcao,_run_alter_index,2,4,3,6,6,9,10.0,23.2647,1.5,34.897,1.9387,0.0078
piccolo/apps/migrations/auto/migration_manager.py,funcao,_run_alter_default,2,3,2,4,5,6,6.7549,13.9316,1.3333,18.5754,1.032,0.0046
piccolo/apps/migrations/auto/migration_manager.py,funcao,_run_alter_digits,1,2,1,2,3,3,2.0,4.7549,0.5,2.3774,0.1321,0.0016
piccolo/apps/migrations/auto/migration_manager.py,funcao,_run_drop_tables,1,1,1,1,2,2,0,2.0,0.5,1.0,0.0556,0.0007
piccolo/apps/migrations/auto/migration_manager.py,funcao,_run_drop_columns,2,2,2,2,4,4,4.0,8.0,1.0,8.0,0.4444,0.0027
piccolo/apps/migrations/auto/migration_manager.py,funcao,_run_rename_tables,0,0,0,0,0,0,0,0,0,0,0,0
piccolo/apps/migrations/auto/migration_manager.py,funcao,_run_rename_columns,1,1,1,1,2,2,0,2.0,0.5,1.0,0.0556,0.0007
piccolo/apps/migrations/auto/migration_manager.py,funcao,_run_add_tables,0,0,0,0,0,0,0,0,0,0,0,0
piccolo/apps/migrations/auto/migration_manager.py,funcao,_run_add_columns,4,8,5,9,12,14,32.0,50.1895,2.25,112.9263,6.2737,0.0167
piccolo/apps/migrations/auto/migration_manager.py,funcao,_run_change_table_schema,3,5,6,12,8,18,16.3645,54.0,3.6,194.4,10.8,0.018
piccolo/apps/migrations/auto/migration_manager.py,funcao,run,4,7,6,10,11,16,27.6515,55.3509,2.8571,158.1454,8.7859,0.0185
piccolo/apps/project/commands/new.py,funcao,new_piccolo_conf,2,3,2,3,5,5,6.7549,11.6096,1.0,11.6096,0.645,0.0039
piccolo/apps/project/commands/new.py,funcao,new,0,0,0,0,0,0,0,0,0,0,0,0
piccolo/apps/sql_shell/commands/run.py,funcao,run,3,9,7,13,12,20,33.2842,71.6993,2.1667,155.3484,8.6305,0.0239
piccolo/apps/app/commands/new.py,funcao,module_exists,0,0,0,0,0,0,0,0,0,0,0,0
piccolo/apps/app/commands/new.py,funcao,validate_app_name,1,2,1,2,3,3,2.0,4.7549,0.5,2.3774,0.1321,0.0016
piccolo/apps/app/commands/new.py,funcao,get_app_module,0,0,0,0,0,0,0,0,0,0,0,0
piccolo/apps/app/commands/new.py,funcao,new_app,0,0,0,0,0,0,0,0,0,0,0,0
piccolo/apps/app/commands/new.py,funcao,new,0,0,0,0,0,0,0,0,0,0,0,0
piccolo/apps/app/commands/show_all.py,funcao,show_all,0,0,0,0,0,0,0,0,0,0,0,0
piccolo/apps/meta/commands/version.py,funcao,version,0,0,0,0,0,0,0,0,0,0,0,0
piccolo/apps/fixtures/commands/dump.py,funcao,get_dump,1,2,1,2,3,3,2.0,4.7549,0.5,2.3774,0.1321,0.0016
piccolo/apps/fixtures/commands/dump.py,funcao,dump_to_json_string,0,0,0,0,0,0,0,0,0,0,0,0
piccolo/apps/fixtures/commands/dump.py,funcao,parse_args,4,7,6,12,11,18,27.6515,62.2698,3.4286,213.4964,11.8609,0.0208
piccolo/apps/fixtures/commands/dump.py,funcao,dump,0,0,0,0,0,0,0,0,0,0,0,0
piccolo/apps/fixtures/commands/shared.py,funcao,create_pydantic_fixture_model,0,0,0,0,0,0,0,0,0,0,0,0
piccolo/apps/fixtures/commands/load.py,funcao,load_json_string,2,3,2,4,5,6,6.7549,13.9316,1.3333,18.5754,1.032,0.0046
piccolo/apps/fixtures/commands/load.py,funcao,load,0,0,0,0,0,0,0,0,0,0,0,0
piccolo/apps/user/tables.py,funcao,__init__,1,1,1,1,2,2,0,2.0,0.5,1.0,0.0556,0.0007
piccolo/apps/user/tables.py,funcao,get_salt,0,0,0,0,0,0,0,0,0,0,0,0
piccolo/apps/user/tables.py,funcao,get_readable,0,0,0,0,0,0,0,0,0,0,0,0
piccolo/apps/user/tables.py,funcao,_validate_password,3,5,3,5,8,8,16.3645,24.0,1.5,36.0,2.0,0.008
piccolo/apps/user/tables.py,funcao,update_password_sync,0,0,0,0,0,0,0,0,0,0,0,0
piccolo/apps/user/tables.py,funcao,update_password,1,3,2,4,4,6,4.7549,12.0,0.6667,8.0,0.4444,0.004
piccolo/apps/user/tables.py,funcao,hash_password,3,5,3,5,8,8,16.3645,24.0,1.5,36.0,2.0,0.008
piccolo/apps/user/tables.py,funcao,__setattr__,3,5,3,5,8,8,16.3645,24.0,1.5,36.0,2.0,0.008
piccolo/apps/user/tables.py,funcao,split_stored_password,1,2,1,2,3,3,2.0,4.7549,0.5,2.3774,0.1321,0.0016
piccolo/apps/user/tables.py,funcao,login_sync,0,0,0,0,0,0,0,0,0,0,0,0
piccolo/apps/user/tables.py,funcao,login,5,12,8,15,17,23,54.6292,94.0116,3.125,293.7864,16.3215,0.0313
piccolo/apps/user/tables.py,funcao,create_user_sync,0,0,0,0,0,0,0,0,0,0,0,0
piccolo/apps/user/tables.py,funcao,create_user,1,1,1,1,2,2,0,2.0,0.5,1.0,0.0556,0.0007
piccolo/apps/user/piccolo_migrations/2019-11-14T21-52-21.py,funcao,forwards,0,0,0,0,0,0,0,0,0,0,0,0
piccolo/apps/user/piccolo_migrations/2021-04-30T16-14-15.py,funcao,forwards,0,0,0,0,0,0,0,0,0,0,0,0
piccolo/apps/user/piccolo_migrations/2020-06-11T21-38-55.py,funcao,forwards,0,0,0,0,0,0,0,0,0,0,0,0
piccolo/apps/user/commands/list.py,funcao,get_users,2,4,2,4,6,6,10.0,15.5098,1.0,15.5098,0.8617,0.0052
piccolo/apps/user/commands/list.py,funcao,list_users,4,9,5,10,13,15,36.5293,55.5066,2.2222,123.348,6.8527,0.0185
piccolo/apps/user/commands/change_permissions.py,funcao,change_permissions,3,6,6,11,9,17,20.2647,53.8887,2.75,148.194,8.233,0.018
piccolo/apps/user/commands/create.py,funcao,get_username,1,1,1,1,2,2,0,2.0,0.5,1.0,0.0556,0.0007
piccolo/apps/user/commands/create.py,funcao,get_email,0,0,0,0,0,0,0,0,0,0,0,0
piccolo/apps/user/commands/create.py,funcao,get_password,0,0,0,0,0,0,0,0,0,0,0,0
piccolo/apps/user/commands/create.py,funcao,get_confirmed_password,0,0,0,0,0,0,0,0,0,0,0,0
piccolo/apps/user/commands/create.py,funcao,get_is_admin,2,3,2,4,5,6,6.7549,13.9316,1.3333,18.5754,1.032,0.0046
piccolo/apps/user/commands/create.py,funcao,get_is_superuser,2,3,2,4,5,6,6.7549,13.9316,1.3333,18.5754,1.032,0.0046
piccolo/apps/user/commands/create.py,funcao,get_is_active,2,3,2,4,5,6,6.7549,13.9316,1.3333,18.5754,1.032,0.0046
piccolo/apps/user/commands/create.py,funcao,create,2,8,7,14,10,21,26.0,69.7605,1.75,122.0809,6.7823,0.0233
piccolo/apps/user/commands/change_password.py,funcao,change_password,1,2,1,2,3,3,2.0,4.7549,0.5,2.3774,0.1321,0.0016
