arquivo,loc,lloc,sloc,comments,multi,blank,single_comments
piccolo/query/operators/__init__.py,0,0,0,0,0,0,0
piccolo/conf/__init__.py,0,0,0,0,0,0,0
piccolo/apps/__init__.py,0,0,0,0,0,0,0
piccolo/apps/tester/__init__.py,0,0,0,0,0,0,0
piccolo/apps/tester/commands/__init__.py,0,0,0,0,0,0,0
piccolo/apps/shell/__init__.py,0,0,0,0,0,0,0
piccolo/apps/shell/commands/__init__.py,0,0,0,0,0,0,0
piccolo/apps/playground/__init__.py,0,0,0,0,0,0,0
piccolo/apps/playground/commands/__init__.py,0,0,0,0,0,0,0
piccolo/apps/asgi/__init__.py,0,0,0,0,0,0,0
piccolo/apps/asgi/commands/__init__.py,0,0,0,0,0,0,0
piccolo/apps/schema/__init__.py,0,0,0,0,0,0,0
piccolo/apps/schema/commands/__init__.py,0,0,0,0,0,0,0
piccolo/apps/migrations/__init__.py,0,0,0,0,0,0,0
piccolo/apps/migrations/commands/__init__.py,0,0,0,0,0,0,0
piccolo/apps/project/__init__.py,0,0,0,0,0,0,0
piccolo/apps/project/commands/__init__.py,0,0,0,0,0,0,0
piccolo/apps/sql_shell/__init__.py,0,0,0,0,0,0,0
piccolo/apps/sql_shell/commands/__init__.py,0,0,0,0,0,0,0
piccolo/apps/app/__init__.py,0,0,0,0,0,0,0
piccolo/apps/app/commands/__init__.py,0,0,0,0,0,0,0
piccolo/apps/meta/__init__.py,0,0,0,0,0,0,0
piccolo/apps/meta/commands/__init__.py,0,0,0,0,0,0,0
piccolo/apps/fixtures/__init__.py,0,0,0,0,0,0,0
piccolo/apps/fixtures/commands/__init__.py,0,0,0,0,0,0,0
piccolo/apps/user/__init__.py,0,0,0,0,0,0,0
piccolo/apps/user/piccolo_migrations/__init__.py,0,0,0,0,0,0,0
piccolo/apps/user/commands/__init__.py,0,0,0,0,0,0,0
piccolo/__init__.py,1,1,1,0,0,0,0
piccolo/utils/__init__.py,1,1,1,0,0,0,0
piccolo/testing/__init__.py,3,2,2,0,0,1,0
piccolo/columns/operators/base.py,2,2,2,0,0,0,0
piccolo/engine/exceptions.py,2,2,2,0,0,0,0
piccolo/utils/uuid.py,4,3,3,0,0,1,0
piccolo/apps/meta/commands/version.py,8,4,3,0,3,2,0
piccolo/apps/schema/commands/exceptions.py,14,6,4,0,6,4,0
piccolo/columns/operators/string.py,9,5,5,0,0,4,0
piccolo/utils/naming.py,15,7,5,0,6,4,0
piccolo/engine/finder.py,19,7,6,0,6,7,0
piccolo/apps/app/commands/show_all.py,13,7,6,0,3,4,0
piccolo/columns/choices.py,33,10,7,0,15,11,0
piccolo/columns/defaults/__init__.py,7,7,7,7,0,0,0
piccolo/apps/shell/piccolo_app.py,9,3,7,0,0,2,0
piccolo/apps/playground/piccolo_app.py,9,3,7,0,0,2,0
piccolo/apps/asgi/piccolo_app.py,9,3,7,0,0,2,0
piccolo/apps/project/piccolo_app.py,9,3,7,0,0,2,0
piccolo/apps/sql_shell/piccolo_app.py,9,3,7,0,0,2,0
piccolo/apps/meta/piccolo_app.py,9,3,7,0,0,2,0
piccolo/apps/tester/piccolo_app.py,11,3,9,0,0,2,0
piccolo/columns/indexes.py,19,11,10,0,4,5,0
piccolo/apps/fixtures/piccolo_app.py,12,4,10,0,0,2,0
piccolo/columns/operators/math.py,21,11,11,0,0,10,0
piccolo/apps/migrations/auto/__init__.py,12,5,11,0,0,1,0
piccolo/apps/app/piccolo_app.py,13,4,11,0,0,2,0
piccolo/engine/__init__.py,13,6,12,0,0,1,0
piccolo/apps/schema/piccolo_app.py,16,4,14,0,0,2,0
piccolo/query/functions/math.py,48,15,15,0,16,17,0
piccolo/utils/sync.py,29,15,15,2,8,4,2
piccolo/query/functions/base.py,21,9,16,0,0,5,0
piccolo/utils/repr.py,26,10,17,0,5,4,0
piccolo/apps/migrations/tables.py,26,16,17,0,4,5,0
piccolo/apps/migrations/piccolo_app.py,19,7,17,0,0,2,0
piccolo/apps/user/commands/change_password.py,27,13,18,0,3,6,0
piccolo/columns/operators/__init__.py,19,3,19,0,0,0,0
piccolo/utils/warnings.py,43,15,19,1,14,10,0
piccolo/apps/user/piccolo_app.py,27,9,22,0,0,5,0
piccolo/query/methods/indexes.py,34,18,23,0,3,8,0
piccolo/utils/list.py,60,23,24,3,17,17,2
piccolo/utils/dictionary.py,58,28,25,9,11,13,9
piccolo/apps/project/commands/new.py,53,20,27,1,12,14,0
piccolo/query/methods/exists.py,39,24,28,1,0,10,1
piccolo/custom_types.py,43,17,29,6,0,11,3
piccolo/query/methods/__init__.py,31,15,30,0,0,1,0
piccolo/utils/printing.py,57,32,30,0,13,14,0
piccolo/query/methods/raw.py,40,22,32,1,0,8,0
piccolo/query/methods/drop_index.py,39,24,32,1,0,7,0
piccolo/utils/encoding.py,74,29,32,4,24,18,0
piccolo/query/methods/table_exists.py,45,23,33,0,0,12,0
piccolo/apps/user/piccolo_migrations/2020-06-11T21-38-55.py,39,9,33,0,0,6,0
piccolo/apps/user/commands/change_permissions.py,56,24,33,1,11,12,0
piccolo/utils/lazy_loader.py,57,29,34,7,4,12,7
piccolo/columns/operators/comparison.py,70,35,35,1,0,34,1
piccolo/apps/fixtures/commands/shared.py,53,30,35,2,3,15,0
piccolo/query/functions/type_conversion.py,97,23,38,7,27,25,7
piccolo/utils/sql_values.py,50,30,38,2,5,6,1
piccolo/apps/shell/commands/run.py,56,35,38,4,4,14,0
piccolo/apps/user/piccolo_migrations/2021-04-30T16-14-15.py,44,12,38,0,0,6,0
piccolo/columns/defaults/base.py,73,41,39,0,14,20,0
piccolo/columns/readable.py,57,35,40,1,5,12,0
piccolo/query/methods/count.py,62,34,41,4,0,18,3
piccolo/utils/objects.py,79,26,41,3,20,16,2
piccolo/apps/tester/commands/run.py,84,38,41,3,20,21,2
piccolo/apps/migrations/auto/serialisation_legacy.py,56,37,41,1,4,10,1
piccolo/query/__init__.py,45,7,43,0,0,2,0
piccolo/query/proxy.py,69,40,43,1,8,17,1
piccolo/query/functions/conditional.py,122,28,43,5,44,30,5
piccolo/query/functions/aggregate.py,180,36,43,2,82,53,2
piccolo/testing/test_case.py,125,36,47,11,32,37,9
piccolo/apps/sql_shell/commands/run.py,66,45,47,3,4,12,3
piccolo/apps/user/commands/list.py,71,25,47,0,10,14,0
piccolo/columns/defaults/uuid.py,93,37,48,1,22,23,0
piccolo/query/operators/json.py,111,37,50,4,32,27,2
piccolo/query/methods/delete.py,78,40,55,1,4,19,0
piccolo/apps/migrations/commands/clean.py,87,37,55,2,12,18,2
piccolo/apps/migrations/auto/operations.py,75,97,58,0,0,17,0
piccolo/engine/cockroach.py,97,28,59,0,19,19,0
piccolo/query/methods/create.py,91,38,60,1,15,16,0
piccolo/query/methods/create_index.py,76,44,64,1,0,12,0
piccolo/apps/user/commands/create.py,92,52,65,0,3,24,0
piccolo/query/functions/__init__.py,68,8,67,0,0,1,0
piccolo/query/constraints.py,96,30,69,5,6,16,5
piccolo/apps/app/commands/new.py,122,60,71,0,19,32,0
piccolo/apps/fixtures/commands/dump.py,130,54,71,1,32,26,1
piccolo/query/functions/string.py,163,48,72,2,43,46,2
piccolo/columns/defaults/timestamptz.py,92,34,72,1,3,17,0
piccolo/columns/reference.py,114,55,73,1,18,23,0
piccolo/columns/defaults/date.py,117,58,73,1,14,29,1
piccolo/columns/__init__.py,75,6,74,0,0,1,0
piccolo/apps/schema/commands/graph.py,113,59,74,0,17,22,0
piccolo/apps/user/piccolo_migrations/2019-11-14T21-52-21.py,78,16,74,0,0,4,0
piccolo/columns/defaults/interval.py,91,35,75,1,0,15,1
piccolo/query/functions/array.py,151,56,76,0,42,33,0
piccolo/testing/random_builder.py,95,52,78,3,0,14,3
piccolo/columns/defaults/time.py,104,59,80,0,0,24,0
piccolo/apps/migrations/commands/check.py,123,59,83,1,17,22,1
piccolo/query/methods/update.py,118,51,84,8,4,24,6
piccolo/apps/fixtures/commands/load.py,136,50,88,7,16,25,7
piccolo/apps/migrations/commands/base.py,138,69,93,0,23,22,0
piccolo/apps/asgi/commands/new.py,140,72,104,1,9,27,0
piccolo/main.py,150,62,108,15,3,25,14
piccolo/apps/migrations/auto/schema_snapshot.py,143,78,113,4,4,22,4
piccolo/table_reflection.py,239,108,120,3,71,47,1
piccolo/query/methods/refresh.py,212,69,122,16,44,42,4
piccolo/columns/defaults/timestamp.py,160,69,122,4,4,31,3
piccolo/query/methods/insert.py,152,55,125,4,3,21,3
piccolo/testing/model_builder.py,199,82,130,5,36,29,4
piccolo/apps/migrations/commands/forwards.py,182,88,134,0,19,29,0
piccolo/columns/combination.py,256,109,136,4,45,74,1
piccolo/apps/migrations/commands/backwards.py,198,85,147,6,17,29,5
piccolo/engine/base.py,236,136,153,6,21,56,6
piccolo/apps/migrations/auto/diffable_table.py,240,88,160,13,34,40,6
piccolo/apps/user/tables.py,286,135,167,14,54,51,14
piccolo/apps/migrations/commands/new.py,272,102,172,15,30,55,15
piccolo/schema.py,316,119,190,0,61,65,0
piccolo/querystring.py,331,174,213,9,46,66,6
piccolo/query/functions/datetime.py,340,65,222,11,50,58,10
piccolo/columns/m2m.py,439,202,303,8,59,73,4
piccolo/query/base.py,472,255,308,13,66,90,8
piccolo/utils/pydantic.py,449,144,362,10,14,68,5
piccolo/apps/playground/commands/run.py,473,203,373,3,27,70,3
piccolo/engine/postgres.py,598,292,398,21,58,123,19
piccolo/query/methods/alter.py,654,356,416,8,88,147,3
piccolo/conf/apps.py,683,313,418,9,134,124,7
piccolo/query/methods/objects.py,620,292,445,27,27,122,26
piccolo/engine/sqlite.py,849,388,496,42,135,181,37
piccolo/apps/migrations/auto/schema_differ.py,706,309,527,43,31,112,36
piccolo/query/mixins.py,874,521,544,7,115,210,5
piccolo/query/methods/select.py,824,432,642,17,29,145,8
piccolo/apps/migrations/auto/serialisation.py,916,420,659,25,42,189,26
piccolo/columns/base.py,1161,531,677,38,234,217,33
piccolo/apps/schema/commands/generate.py,1175,489,885,25,100,178,12
piccolo/apps/migrations/auto/migration_manager.py,1143,453,912,35,51,146,34
piccolo/table.py,1883,684,918,57,527,389,49
piccolo/columns/column_types.py,3026,1040,1440,144,673,785,128
TOTAL,26692,11461,16904,797,3792,5365,631
